name,symbol,cmcRank,circulatingSupply,totalSupply,maxSupply,dateAdded,price,volume24h,marketCap,percentChange1h,percentChange24h,percentChange7d
Bitcoin,BTC,1,15729500.0,15729500.0,21000000.0,2013-04-28T00:00:00.000Z,658.66357422,129511632.0,10360448690.673828,-0.714765,-6.09766,3.81395
Ethereum,ETH,2,81638196.124,81638196.124,,2015-08-07T00:00:00.000Z,11.7202177,10588737.0,956817431.598227,-1.01723,-3.20847,-15.3783
XRP,XRP,3,35345971933.0,99997322412.0,100000000000.0,2013-08-04T00:00:00.000Z,0.00660746,536310.8125,233547238.82466593,-0.227631,-1.53238,3.2521
Litecoin,LTC,4,46503479.2468872,46503479.2468872,84000000.0,2013-04-28T00:00:00.000Z,4.25329447,7659710.5,197792991.02009827,-0.943791,-7.70222,4.14865
The DAO,DAO,5,1153836913.0,1153836913.0,,2016-05-16T00:00:00.000Z,0.09007826,1069507.625,103935618.01332527,-0.866601,-3.48765,-17.7386
NEM,XEM,6,8999999999.0,8999999999.0,,2015-04-01T00:00:00.000Z,0.01076844,1352364.375,96915964.95773375,-0.887264,1.37195,59.232
Dash,DASH,7,6562509.40130875,6562509.40130875,18900000.0,2014-02-14T00:00:00.000Z,7.01169825,259776.4375,46014335.65852951,-0.511915,-2.14733,2.56664
MaidSafeCoin,MAID,8,452552412.0,452552412.0,,2014-04-28T00:00:00.000Z,0.07110384,178903.921875,32178214.7770461,-1.18695,-0.741488,-5.44642
Lisk,LSK,9,100000000.0,100000000.0,,2016-04-06T00:00:00.000Z,0.30140632,407207.9375,30140632.390976,-1.00601,-2.70215,-8.04691
Dogecoin,DOGE,10,105016389699.305,105016389699.305,,2013-12-15T00:00:00.000Z,0.00028222,472626.75,29637430.98146216,-0.626128,-7.34298,-0.422359
Nxt,NXT,11,998999999.0,998999999.0,1000000000.0,2013-12-04T00:00:00.000Z,0.02133974,450192.875,21318402.70300085,-0.0847482,-9.0958,20.7654
Monero,XMR,12,12310859.510902,12310859.510902,,2014-05-21T00:00:00.000Z,1.7029829,326072.4375,20965183.26247629,-0.294428,-2.81062,15.7646
DigixDAO,DGD,13,2000000.0,2000000.0,,2016-04-18T00:00:00.000Z,10.05803204,39056.640625,20116064.0716552,-0.103024,-0.915606,-9.13447
Waves,WAVES,14,100000000.0,100000000.0,,2016-06-02T00:00:00.000Z,0.19279256,334446.75,19279256.4630508,-0.277845,4.80472,13.9377
Steem,STEEM,15,72043260.0,89017354.0,,2016-04-18T00:00:00.000Z,0.23556985,13492.78515625,16971219.92363783,0.25307,7.15091,15.1596
Emercoin,EMC,16,38058736.830682,38058736.830682,,2014-08-23T00:00:00.000Z,0.39549726,270957.4375,15052126.22990061,-2.90097,23.0173,144.597
HyperSpace,AMP,17,184800000.0,1680400000.0,,2015-12-04T00:00:00.000Z,0.07716152,6300.93066406,14259449.02896881,-3.71251,6.71693,13.7031
Factom,FCT,18,8753219.0,8753219.0,,2015-10-06T00:00:00.000Z,1.44644654,829406.0,12661063.31865636,-0.943059,4.62598,32.5625
Siacoin,SC,19,15830692655.0,15830692655.0,,2015-08-26T00:00:00.000Z,0.00078319,328870.0,12398500.30971566,-0.518055,-4.85505,-22.324
BitShares,BTS,20,2565010000.0,2565010000.0,3600570502.0,2014-07-21T00:00:00.000Z,0.00450623,201562.78125,11558522.33782876,1.48465,-5.95318,17.3124
Stellar,XLM,21,5485679598.0,100804167793.0,,2014-08-05T00:00:00.000Z,0.00192795,49340.140625,10576117.00489324,-0.630035,-4.9593,-4.05167
Peercoin,PPC,22,23284793.9895654,23284793.9895654,,2013-04-28T00:00:00.000Z,0.39817226,59972.07421875,9271359.03087632,-0.645242,-6.00564,1.61561
Bytecoin,BCN,23,180723458744.78,180723458744.78,184470000000.0,2014-06-17T00:00:00.000Z,4.421e-05,945.03808594,7990424.31016592,-0.779047,1.60137,27.208
Counterparty,XCP,24,2626244.0783785,2626244.0783785,,2014-02-15T00:00:00.000Z,2.74291825,43865.62890625,7203572.81927298,-2.639,15.7172,58.4447
NautilusCoin,NAUT,25,12829895.2687433,16180000.0,,2014-05-15T00:00:00.000Z,0.48909003,48081.05859375,6274973.8031892,6.55066,18.5698,268.602
Tether,USDT,26,5951591.0,5951591.0,,2015-02-25T00:00:00.000Z,1.0,1161671.75,5951591.0,0.0,0.0,-0.000745301
Namecoin,NMC,27,14676900.0,14676900.0,,2013-04-28T00:00:00.000Z,0.39081264,17719.59375,5735917.96882153,-1.5842,-4.59584,5.39739
YbCoin,YBC,28,3010539.7867074,3010539.7867074,,2014-01-16T00:00:00.000Z,1.89295495,20254.19140625,5698816.17806578,0.0,-1.58182,-1.91648
Storjcoin X,SJCX,29,49518143.0,500000000.0,,2014-08-20T00:00:00.000Z,0.1098178,15547.74023438,5437973.29930802,-0.521983,-4.84779,1.74167
BlueCoin,BLU,30,571902014.235592,571902014.235592,,2014-04-28T00:00:00.000Z,0.00734054,747.88830566,4198071.5776326,2.04082,46.0906,893.434
Decred,DCR,31,2052789.82514803,2892789.82514803,21000000.0,2016-02-10T00:00:00.000Z,1.95546663,28904.5,4014161.99752817,-0.438418,-3.18359,25.7235
SolarCoin,SLR,32,34349890.6594391,98033930775.389,,2014-03-29T00:00:00.000Z,0.1041757,3446.51782227,3578423.96405017,-0.850809,13.8179,-17.8503
GameCredits,GAME,33,55962252.1432747,55962252.1432747,84000000.0,2014-09-01T00:00:00.000Z,0.05949191,28332.28515625,3329301.27016468,-0.842755,-4.80935,28.8558
VPNCoin,VASH,34,400339746.0,400339746.0,,2014-11-23T00:00:00.000Z,0.00826252,47359.1796875,3307816.91212042,-1.1972,-5.49323,-5.43207
Syscoin,SYS,35,428751485.440903,428751485.440903,888000000.0,2014-08-20T00:00:00.000Z,0.00761733,5531.99511719,3265939.83229976,-0.862532,-6.70956,3.68283
FedoraCoin,TIPS,36,427829009862.787,427829009862.787,,2013-12-31T00:00:00.000Z,7.51e-06,2388.50512695,3214409.56247501,-0.05712,1.9521,-57.4875
Xaurum,XAUR,37,7486.532034,7486.532034,,2015-04-21T00:00:00.000Z,412.18664551,3424.12573242,3085848.52558124,-2.38603,-10.8395,-6.93859
Scotcoin,SCOT,38,1000000000.0,1000000000.0,,2014-05-26T00:00:00.000Z,0.00277499,3434.92651367,2774985.27429998,-2.69416,-15.745,26.2507
Rubycoin,RBY,39,23210478.3918339,23210478.3918339,,2014-03-20T00:00:00.000Z,0.11785648,887.17694092,2735505.28658374,1.54042,-3.10323,12.2909
Feathercoin,FTC,40,127124600.0,127124600.0,336000000.0,2013-05-03T00:00:00.000Z,0.02051646,2702.96630859,2608146.15734815,-0.568141,-6.088,-22.6248
Yocoin,YOC,41,19478350.0,301993900.0,,2016-01-21T00:00:00.000Z,0.13267322,141323.0625,2584255.39231524,0.760335,38.5752,268.339
BitCrystals,BCY,42,42188536.166149,42188536.166149,,2015-09-14T00:00:00.000Z,0.05920163,9483.41796875,2497630.02269635,4.05555,0.853639,0.207705
BlackCoin,BLK,43,75522400.0962223,75522400.0962223,,2014-02-28T00:00:00.000Z,0.03197894,12369.91699219,2415126.48665457,-0.438764,-4.86262,-3.91394
HitCoin,HTC,44,10996318099.0,20996318099.0,,2016-04-08T00:00:00.000Z,0.00021569,3743.37963867,2371835.2251266,-1.54291,-18.3863,-32.3789
DigiByte,DGB,45,6749898014.65375,6749898014.65375,21000000000.0,2014-02-06T00:00:00.000Z,0.00034833,20712.43945313,2351162.37748087,-1.26948,0.030897,3.54114
BitcoinDark,BTCD,46,1273259.58914809,1273259.58914809,,2014-07-16T00:00:00.000Z,1.69621229,3588.03857422,2159718.5656602,-0.626037,-9.61678,14.0919
ShadowCash,SDC,47,6551629.85889,6551629.85889,,2014-07-31T00:00:00.000Z,0.29769599,17436.91992188,1950393.96563319,-1.33263,4.56631,57.8004
EarthCoin,EAC,48,9346468332.44513,9346468332.44513,,2013-12-28T00:00:00.000Z,0.00020129,161931.390625,1881365.23538946,-0.00578205,-4.40771,8.08545
RevolutionVR,RVR,49,31500000.0,210000000.0,210000000.0,2016-04-04T00:00:00.000Z,0.05931405,54706.63671875,1868392.68542826,-2.80475,-1.99627,-3.39512
MonaCoin,MONA,50,35347199.9939447,35347199.9939447,,2014-03-20T00:00:00.000Z,0.05168051,3145.74951172,1826761.28744779,-3.35967,1.68586,-0.205023
MintCoin,MINT,51,23077840377.4118,23077840377.4118,,2014-02-19T00:00:00.000Z,7.229e-05,796.0111084,1668340.07569543,4.4876,-3.27014,10.5823
SuperNET,UNITY,52,816060.9999,816060.9999,,2014-10-01T00:00:00.000Z,2.01670408,1550.47167969,1645753.55005839,0.399309,1.43152,-1.01527
VeriCoin,VRC,53,27676657.5939312,27676657.5939312,,2014-05-16T00:00:00.000Z,0.05828448,2959.23022461,1613119.49634836,3.62722,-3.43372,15.1898
Vcash,XVC,54,14550385.0,14550385.0,,2015-03-06T00:00:00.000Z,0.10520862,11814.40039063,1530825.93256138,-4.08903,-4.59104,13.5263
Primecoin,XPM,55,15154344.7502737,15154344.7502737,,2013-07-11T00:00:00.000Z,0.09014455,15323.33300781,1366081.6227684,1.57483,-7.52333,2.05541
Quark,QRK,56,250101047.0,250101047.0,,2013-08-25T00:00:00.000Z,0.00495763,13989.67871094,1239907.71319013,-0.00164372,-11.1088,-2.83859
Auroracoin,AUR,57,8274951.63596773,8274951.63596773,21000000.0,2014-02-27T00:00:00.000Z,0.14900906,2665.25366211,1233042.7965961,-0.810874,-15.4077,-20.2314
Clams,CLAM,58,1797035.98246869,15731462.1304893,,2014-08-26T00:00:00.000Z,0.6842823,5952.44091797,1229679.92039957,-1.37151,-3.24922,11.4744
ReddCoin,RDD,59,28141977145.4796,28141977145.4796,,2014-02-10T00:00:00.000Z,3.927e-05,2527.19287109,1105053.49703523,-12.9732,-7.17377,-0.151288
Novacoin,NVC,60,1422156.64751,1422156.64751,,2013-04-28T00:00:00.000Z,0.73647779,2730.03710938,1047386.78801036,-0.306585,-3.10937,1.21528
WorldCoin,WDC,61,104926490.5,104926490.5,,2013-05-22T00:00:00.000Z,0.00900725,7007.23144531,945098.7363529,-0.00825926,-8.83953,12.3648
Rise,RISE,62,100413985.0,100413985.0,,2016-06-30T00:00:00.000Z,0.00930034,30077.5390625,933883.73035343,-2.77176,-7.81652,
Expanse,EXP,63,2066139.31088261,12836414.0037312,100000000.0,2015-09-15T00:00:00.000Z,0.43997079,71559.9375,909040.94762744,-1.45001,-6.97675,69.6435
Jinn,JINN,64,58703.0,1000000.0,,2014-10-03T00:00:00.000Z,14.93778992,642.32495117,876893.08149719,-0.0849467,,15.0428
Radium,RADS,65,2823984.0,2823984.0,9000000.0,2016-01-18T00:00:00.000Z,0.30652741,2290.30712891,865628.49004126,-1.02541,-3.25921,12.3136
Startcoin,START,66,45079785.0,70782220.0,,2014-06-15T00:00:00.000Z,0.01901037,3151.69970703,856983.50326169,1.29997,11.3164,18.1897
BoostCoin,BOST,67,11855487.1681898,11855487.1681898,,2014-05-30T00:00:00.000Z,0.07091574,3451.19067383,840740.68956007,0.0964156,-6.16479,5.89902
Gulden,NLG,68,311969010.0,432338800.0,,2014-04-08T00:00:00.000Z,0.00264478,5139.17773438,825090.87966956,-1.97542,-10.16,52.6918
Vertcoin,VTC,69,23076649.9975982,23076649.9975982,84000000.0,2014-01-20T00:00:00.000Z,0.03530244,3009.37548828,814662.00213931,-1.03839,-8.9846,7.59875
HempCoin,HMP,70,1354661677.993,2854661677.993,,2016-02-16T00:00:00.000Z,0.00055914,3721.39111328,757444.73773657,-0.622566,2.58146,160.811
DigitalNote,XDN,71,6862971075.87447,6862971075.87447,10000000000.0,2014-06-24T00:00:00.000Z,0.00010991,5106.79003906,754338.54369899,0.688051,-5.96251,13.1282
Diamond,DMD,72,1674230.78802441,1674230.78802441,4380000.0,2013-12-19T00:00:00.000Z,0.43364853,3068.33544922,726027.71452991,1.1007,8.36334,34.5044
Elcoin,EL,73,9136467.861614,20521348.861614,,2016-05-05T00:00:00.000Z,0.07690198,9479.88183594,702612.46642952,-0.334593,-17.3054,138.054
BilShares,BILS,74,1000000000.0,1000000000.0,,2014-08-25T00:00:00.000Z,0.00069108,41913.82421875,691078.77789065,0.0,-11.7723,2.0372
Nexus,NXS,75,39238216.41032,39238216.41032,78000000.0,2015-01-25T00:00:00.000Z,0.01751159,1923.16650391,687123.60971763,32.9658,33.9142,74.0638
Megacoin,MEC,76,32809462.5,32809462.5,42000000.0,2013-07-07T00:00:00.000Z,0.02023846,6276.74121094,664012.90412347,-0.0350556,-4.94074,1.76423
Wild Beast Block,WBB,77,1687542.5,1687542.5,,2015-02-28T00:00:00.000Z,0.36678883,1151.2166748,618971.74646311,9.66722,-4.29606,49.4687
DNotes,NOTE,78,110895735.715132,110895735.715132,,2014-03-08T00:00:00.000Z,0.00541124,1389.07592773,600083.31620007,0.484704,-11.3158,2.87903
Infinitecoin,IFC,79,90596274910.0705,90596274910.0705,,2013-07-10T00:00:00.000Z,6.61e-06,6701.375,599078.23841781,2.30217,-1.58658,-11.4313
Curecoin,CURE,80,26431310.0,26431310.0,,2014-05-26T00:00:00.000Z,0.02251812,1834.28112793,595183.3797677,-0.831773,12.6564,27.8781
ZcCoin,ZCC,81,61657043.890382,61657043.890382,,2014-08-05T00:00:00.000Z,0.00961236,11903.61328125,592669.81958988,0.260099,-5.57594,3.62925
Qora,QORA,82,10000000000.0,10000000000.0,,2014-05-26T00:00:00.000Z,5.9e-05,2332.28564453,590009.65848099,-0.77371,-8.38122,-0.340217
NuShares,NSR,83,944594842.0,944594842.0,,2014-10-25T00:00:00.000Z,0.00059207,8133.97607422,559264.72046373,-1.3136,-21.5984,21.9275
UnionCoin,UNC,84,8388608.0,8388608.0,,2014-03-03T00:00:00.000Z,0.06610319,592.52685547,554513.75,0.0,-3.11728,5.40812
Circuits of Value,COVAL,85,400000000.0,1000000000.0,,2015-01-23T00:00:00.000Z,0.00135412,6867.58984375,541649.8053819,-2.24937,2.9949,37.2155
NavCoin,NAV,86,59599414.0216761,59599414.0216761,,2014-06-12T00:00:00.000Z,0.00854665,8096.62158203,509375.13424103,1.27467,-31.6736,56.9617
Global Currency Reserve,GCR,87,101127212.820554,101127212.820554,,2015-08-26T00:00:00.000Z,0.00502001,1272.63720703,507659.50718752,-0.824875,1.38383,-10.9289
Unobtanium,UNO,88,197225.30759367,197225.30759367,,2013-12-21T00:00:00.000Z,2.57097268,878.1439209,507060.87783413,1.33353,0.820088,11.5648
VootCoin,VOOT,89,69280656.2239512,69280656.2239512,,2014-06-12T00:00:00.000Z,0.0072965,910.0088501,505506.03592892,-0.85081,-9.52954,62.3678
Digitalcoin,DGC,90,34106578.0,34106578.0,48166000.0,2013-06-09T00:00:00.000Z,0.01479694,2345.1940918,504673.00906994,-0.521339,-2.20774,7.96338
Crypti,XCR,91,100000000.0,100000000.0,,2014-08-07T00:00:00.000Z,0.00478711,972.92547607,478710.93265712,-1.04208,-0.95949,61.3972
Anoncoin,ANC,92,2110316.862,2110316.862,,2013-07-15T00:00:00.000Z,0.21942566,3181.35986328,463057.67732729,2.2366,-4.63771,7.21073
Applecoin,APC,93,22286047.937985,22286047.937985,,2014-02-09T00:00:00.000Z,0.02013143,7901.39794922,448649.92338166,0.0,-3.8641,2.85123
Zetacoin,ZET,94,164449676.604849,164449676.604849,,2013-09-11T00:00:00.000Z,0.00270866,516.82281494,445438.33316946,-0.0371703,-4.43014,2.58185
Diem,DIEM,95,21739971929.0816,21739971929.0816,,2014-04-28T00:00:00.000Z,1.945e-05,6744.52734375,422830.25128806,-0.374133,12.9553,58.2025
Verge,XVG,96,12010612500.0,12010612500.0,16555000000.0,2014-10-25T00:00:00.000Z,3.314e-05,1737.41015625,398052.19806235,0.0497539,10.8456,29.6852
CloakCoin,CLOAK,97,4788282.313003,4788282.313003,,2014-06-07T00:00:00.000Z,0.07975888,1848.77307129,381908.01081228,-0.85081,-1.86439,-0.323863
Bitswift,BITS,98,4049362.02276899,4049362.02276899,,2014-10-05T00:00:00.000Z,0.09060971,1812.75671387,366911.50617005,-0.825167,7.72488,34.7062
Mineum,MNM,99,9345669.93830176,9495669.93830176,,2016-06-08T00:00:00.000Z,0.03889069,512.03771973,363459.51396608,-0.838506,88.5433,71.1773
DubaiCoin,DBIC,100,5896206.16306659,5896206.16306659,,2016-03-07T00:00:00.000Z,0.06157825,2312.28125,363078.04357695,-0.610355,-0.881067,-10.5455
Blocknet,BLOCK,101,3910516.33690673,3910516.33690673,,2014-11-01T00:00:00.000Z,0.08934662,865.00036621,349391.43636128,-0.849135,3.25308,38.5036
Burst,BURST,102,1493248336.0,1493248336.0,2158812800.0,2014-08-30T00:00:00.000Z,0.00022539,5918.890625,336568.02597711,-2.90296,-19.3179,26.6702
Riecoin,RIC,103,24682374.9999263,24682374.9999263,,2014-02-27T00:00:00.000Z,0.01345335,2265.61401367,332060.57067605,-0.206371,-7.41836,4.04069
FLO,FLO,104,124197561.0,124197561.0,160000000.0,2013-11-27T00:00:00.000Z,0.00258778,4617.55322266,321395.34357852,-1.32033,-10.4924,-34.9789
BTSR,BTSR,105,2257695.8635,10600000.0,,2016-03-22T00:00:00.000Z,0.13988523,721.60900879,315818.3093182,-1.0857,143.745,205.804
NuBits,USNBT,106,757084.0,2832905.1498,,2014-09-24T00:00:00.000Z,0.41411912,2758.10400391,313522.96318674,-0.998331,-21.3947,122.059
SecureCoin,SRC,107,5891675.95,5891675.95,,2013-09-28T00:00:00.000Z,0.04942716,840.58618164,291208.78277822,2.8125,-0.326145,-0.693386
TagCoin,TAG,108,4687464.588148,4687464.588148,,2013-11-05T00:00:00.000Z,0.06159615,863.14428711,288729.77864746,0.0,-3.59043,5.09173
BitShares PTS,PTS,109,999999386.0,999999386.0,,2013-11-21T00:00:00.000Z,0.00028266,538.62329102,282656.89723246,0.823227,-6.02615,92.1241
Gambit,GAM,110,1613319.81564968,1613319.81564968,,2015-05-22T00:00:00.000Z,0.17419563,2352.64306641,281033.26545137,-0.824648,5.71131,76.3151
Cryptonite,XCN,111,205328612.941547,205328612.941547,,2014-08-02T00:00:00.000Z,0.00131402,11458.95703125,269805.35772317,-0.841934,-13.6445,56.9911
TrumpCoin,TRUMP,112,6501942.1305383,6501942.1305383,18000000.0,2016-03-01T00:00:00.000Z,0.03768885,54322.17578125,245050.73048646,-14.6751,-46.4772,22.1592
CrevaCoin,CREVA,113,27295050.0,6231295100.0,,2015-07-07T00:00:00.000Z,0.00838244,8829.60742188,228799.00668617,-0.182332,3.09298,-24.7785
Myriad,XMY,114,1340290995.52781,1340290995.52781,2000000000.0,2014-03-08T00:00:00.000Z,0.00016384,9001.38378906,219593.89949433,8.31187,-8.08385,120.637
XCurrency,XC,115,5684868.19369079,5684868.19369079,,2014-05-23T00:00:00.000Z,0.03705468,635.25964355,210650.97339571,-0.824644,-3.61972,0.555764
Shift,SHIFT,116,7687007.0,7687007.0,,2015-09-05T00:00:00.000Z,0.02642601,1803.76550293,203136.92257459,-1.09306,-13.947,-14.6464
SIBCoin,SIB,117,10765761.5001341,10765761.5001341,29000000.0,2015-09-25T00:00:00.000Z,0.01801465,578.38793945,193941.37377524,-0.602449,-4.07962,-16.7743
Maxcoin,MAX,118,41459435.0,41459435.0,100000000.0,2014-02-12T00:00:00.000Z,0.00435444,933.69116211,180532.70523085,-0.0665056,-2.16079,-7.32096
Donu,DONU,119,8505375.43573485,8505375.43573485,,2014-08-26T00:00:00.000Z,0.02106884,5687.02148438,179198.38872054,-0.440144,0.128421,24.1911
ArtByte,ABY,120,677418450.0,677418450.0,,2014-06-12T00:00:00.000Z,0.00024848,3232.48828125,168324.56600858,-0.85349,-14.2051,28.9551
SaluS,SLS,121,1001200.9890893,1001200.9890893,,2016-01-22T00:00:00.000Z,0.15870865,2051.32836914,158899.2542468,-0.937592,-9.79195,0.730473
Einsteinium,EMC2,122,200107013.170197,200107013.170197,,2014-04-09T00:00:00.000Z,0.00077585,54615.20703125,155253.73078303,4.00369,49.1207,158.766
Aeon,AEON,123,11794182.605235,11794182.605235,,2015-08-04T00:00:00.000Z,0.01314684,517.92736816,155056.2320654,-0.850808,49.2761,123.16
NetCoin,NET,124,617377660.045331,617377660.045331,,2013-12-17T00:00:00.000Z,0.00024988,524.02618408,154273.01729274,-0.822072,-25.566,71.6205
Capricoin,CPC,125,609366.167544246,200609366.167544,205000000.0,2015-07-23T00:00:00.000Z,0.24410148,3970.62719727,148747.18314592,1.79491,3.20684,-9.87144
Piggycoin,PIGGY,126,480403188.882424,480403188.882424,,2014-06-15T00:00:00.000Z,0.00030861,2219.62426758,148259.21549327,-4.86562,-2.23936,151.147
bitCNY,BITCNY,127,959059.0,959059.0,,2014-09-23T00:00:00.000Z,0.15266444,6271.20214844,146414.2031384,1.45898,2.26573,2.91313
OKCash,OK,128,65470451.2457268,65470451.2457268,105000000.0,2014-12-14T00:00:00.000Z,0.0021761,850.79095459,142470.36583061,-0.853601,-13.8415,97.9041
MAZA,MAZA,129,995918065.378056,995918065.378056,,2014-02-27T00:00:00.000Z,0.00013804,4831.86621094,137471.5795561,-1.51924,1.94127,27.9265
MediterraneanCoin,MED,130,40431896.9,40431896.9,,2014-10-22T00:00:00.000Z,0.00322098,1015.49188232,130230.16407807,-0.824646,-16.4945,34.9028
HyperStake,HYP,131,385796096.914179,385796096.914179,,2014-08-09T00:00:00.000Z,0.0003154,7394.18115234,121681.31865886,-4.6963,-11.3488,124.923
Pinkcoin,PINK,132,364718632.458631,364718632.458631,500000000.0,2014-05-11T00:00:00.000Z,0.0003295,23964.921875,120174.57930608,-7.25354,-4.26673,53.6038
NobleCoin,NOBL,133,2272485776.71783,2272485776.71783,,2014-02-08T00:00:00.000Z,5.259e-05,740.60778809,119504.02392719,-0.850811,-6.26934,24.2947
Horizon,HZ,134,997285886.33936,1000000000.0,,2014-07-14T00:00:00.000Z,0.00011832,2112.63208008,118000.41908338,-0.82465,-13.0136,31.549
Sync,SYNC,135,1176.91784886,1176.91784886,,2014-05-21T00:00:00.000Z,95.28779602,2195.96826172,112145.90791507,-0.850812,37.651,115.173
Sprouts,SPRTS,136,4197643731.04393,4197643731.04393,,2015-07-21T00:00:00.000Z,2.62e-05,1754.3963623,109991.06032731,-0.824511,47.9459,97.6525
HiCoin,XHI,137,11660332.0422764,10011660332.0423,,2016-05-04T00:00:00.000Z,0.00922131,32356.74804688,107523.50150718,-17.0648,-22.2681,9.41861
FoldingCoin,FLDC,138,369000000.0,1000000000.0,,2014-09-16T00:00:00.000Z,0.00026907,2267.34228516,99287.69126418,-0.853098,-11.1904,59.1925
Bitmark,BTM,139,1313120.0003,1313120.0003,,2014-08-19T00:00:00.000Z,0.07473978,1263.41674805,98142.30519153,1.93801,1.8637,22.5442
Coin2.1,C2,140,99976323.0,99976323.0,,2014-06-08T00:00:00.000Z,0.00085454,970.6973877,85434.22438759,2.29678,-1.33067,14.1872
Memorycoin,MMC,141,10073034.0287852,10073034.0287852,,2013-12-24T00:00:00.000Z,0.00795384,714.78924561,80119.28531843,-4.93619,-30.9104,120.219
HOdlcoin,HODL,142,8460129.69375,87353146.48125,,2016-03-18T00:00:00.000Z,0.00909895,757.38330078,76978.31937889,6.66322,-1.86947,2.49623
BillaryCoin,BLRY,143,8922537.80737668,8922537.80737668,,2016-05-20T00:00:00.000Z,0.00839797,9144.62109375,74931.16639178,-0.77593,7.50219,285.383
LTBcoin,LTBC,144,466564985.2099,466564985.2099,,2014-08-20T00:00:00.000Z,0.00015776,975.10461426,73606.2653301,-0.850806,-27.296,14.6101
FlutterCoin,FLT,145,300910891.735223,300910891.735223,,2014-03-20T00:00:00.000Z,0.00024083,701.65795898,72468.21424762,-2.74803,-6.45573,19.4834
WhiteCoin,XWC,146,306584145.993991,306584145.993991,,2014-04-18T00:00:00.000Z,0.0002235,608.00506592,68520.41428943,-0.850811,-8.94736,48.8711
Rubies,RBIES,147,10086707.9245639,10086707.9245639,,2016-02-22T00:00:00.000Z,0.00641927,1578.78723145,64749.31868959,-12.5939,-14.1612,-12.3397
Sphere,SPHR,148,3082940.27603443,3082940.27603443,,2015-05-02T00:00:00.000Z,0.01752474,2031.29760742,54027.72019013,17.4808,18.8801,31.3532
Adzcoin,ADZ,149,3101720.00602,45101720.00602,84000000.0,2015-12-26T00:00:00.000Z,0.01525255,1631.01818848,47309.14566643,-2.48621,-1.22109,-41.7796
GoldBlocks,GB,150,6389545.0,6389545.0,,2016-06-14T00:00:00.000Z,0.00658524,737.05560303,42076.65988843,-0.678482,-1.95553,47.8797
Titcoin,TIT,151,47416099.65,47416099.65,69000000.0,2014-08-26T00:00:00.000Z,0.0007056,1171.52612305,33456.59099294,-5.79558,37.2615,78.3057
Quatloo,QTL,152,5062001.87,5062001.87,,2014-07-12T00:00:00.000Z,0.00583333,1368.57299805,29528.35143892,3.39838,-26.1863,27.5685
ZAIF,ZAIF,153,875502.5569572,77777777.0,,2016-04-08T00:00:00.000Z,0.01234314,679.69555664,10806.45091016,-2.63893,19.1323,39.5245
KhanCoin,KNC,154,70631.1400003433,7801269631.14,,2015-09-28T00:00:00.000Z,0.01444838,14848.3203125,1020.50536012,5.76192,-12.6084,-7.14142
Agoras Tokens,AGRS,155,42000000.0,42000000.0,42000000.0,2015-08-24T00:00:00.000Z,0.10165794,183.55934143,4269633.56137277,-0.850807,-8.83041,6.10275
GridCoin,GRC,156,377834547.02189,377834547.02189,,2015-02-28T00:00:00.000Z,0.00572296,473.88696289,2162333.75545883,-3.20985,-7.7331,-0.883541
Rimbit,RBT,157,114274566.223496,392234299.223496,,2014-10-26T00:00:00.000Z,0.01768768,6.83055878,2021252.4080314,-0.850806,21.5463,48.0676
KiloCoin,KLC,158,4495323150.01,10024212043.0,,2016-02-26T00:00:00.000Z,0.00044789,6.59800863,2013417.06040182,-0.67415,-6.09242,-2.91914
Omni,OMNI,159,553143.31273147,609459.31273147,,2013-12-24T00:00:00.000Z,2.60996079,470.78460693,1443682.3599407,1.09663,-3.30098,33.2994
ION,ION,160,5975890.0,11875890.0,,2016-06-08T00:00:00.000Z,0.19890994,182.33651733,1188663.91139925,-0.714712,-15.8482,-4.81558
I/O Coin,IOC,161,16263297.0362067,16263297.0362067,22000000.0,2014-08-02T00:00:00.000Z,0.06603551,489.83761597,1073955.09958488,-0.824653,-6.67355,8.68385
Ixcoin,IXC,162,20999087.999,20999087.999,,2013-05-08T00:00:00.000Z,0.04296555,76.80361938,902237.28663606,7.34691,144.168,-9.75958
OBITS,OBITS,163,6674894.0,17761800.0,,2015-11-30T00:00:00.000Z,0.10806075,189.81231689,721294.03435582,1.48363,-10.1125,27.4723
AsiaCoin,AC,164,481707855.956925,481707855.956925,,2014-04-20T00:00:00.000Z,0.00121608,0.01398495,585796.59841301,-0.824647,-6.26934,-23.323
SounDAC,XSD,165,1369659268.1094,1519659268.1094,,2015-05-07T00:00:00.000Z,0.0003952,4.94040537,541284.37578945,1.48363,,-1.77214
Virtacoin,VTA,166,11770966437.2364,11770966437.2364,21000000000.0,2014-08-09T00:00:00.000Z,4.292e-05,199.41323853,505246.58841025,18.6518,10.0684,-30.0342
BitBay,BAY,167,1004877403.71056,1004877403.71056,,2014-11-16T00:00:00.000Z,0.00048164,296.95495605,483986.36303931,-0.784826,16.2342,8.55279
SkyNET,SKYNET,168,894222.7424,1000000.0,,2014-12-14T00:00:00.000Z,0.53349251,34.5991745,477061.13136311,-0.174564,-9.09597,-29.9534
FairCoin,FAIR,169,52514994.226526,52514994.226526,,2014-03-22T00:00:00.000Z,0.00886754,54.87548065,465678.97946401,-0.850814,-19.0508,-19.9614
I0Coin,I0C,170,20935540.5,20935540.5,,2013-11-27T00:00:00.000Z,0.02169229,1.18319428,454139.71773304,-0.850812,-11.6506,1.62688
Safex Token,SFT,171,2147483647.0,2147483647.0,,2016-02-16T00:00:00.000Z,0.00021077,283.78369141,452630.46853923,0.631746,0.168087,1.23218
InstantDEX,DEX,172,1000000.0,1000000.0,,2014-09-14T00:00:00.000Z,0.44813371,448.13369751,448133.70704651,-0.0849455,-9.09597,-4.21572
LIQUID,LQD,173,341714.02,1000000.0,,2015-02-06T00:00:00.000Z,1.29627371,161.58653259,442954.89989837,-0.793665,12.7586,33.7711
AmberCoin,AMBER,174,43453748.4583119,43453748.4583119,,2015-02-06T00:00:00.000Z,0.0098606,214.82299805,428480.16844085,-0.809713,-7.64992,6.61508
Mooncoin,MOON,175,214413677652.0,214413677652.0,,2014-01-06T00:00:00.000Z,1.97e-06,265.84002686,423020.98793031,-45.2502,113.229,113.12
Swarm,SWARM,176,99945431.02,100000000.0,,2014-09-16T00:00:00.000Z,0.00422671,8.35342979,422440.27782352,-0.824643,-6.12334,40.4782
FuelCoin,FC2,177,100206032.03195,100206032.03195,,2014-06-12T00:00:00.000Z,0.00384109,63.73050308,384900.15587727,9.78948,-14.5791,-13.2037
jl777hodl,JLH,178,10000000.0,10000000.0,,2014-07-23T00:00:00.000Z,0.03755789,13.40816784,375578.92501354,-0.0849489,-9.09598,-48.2849
Zeitcoin,ZEIT,179,34690796228.6506,34690796228.6506,,2014-03-20T00:00:00.000Z,1.07e-05,195.91864014,371256.81725076,-0.712624,-24.9608,57.7785
GetGems,GEMZ,180,88135199.0,88135367.0,,2015-01-12T00:00:00.000Z,0.00316181,14.54363251,278667.19379521,-0.850809,-9.75528,3.5085
Coinomat,CNMT,181,2616401.0,2616401.0,,2014-09-05T00:00:00.000Z,0.09904829,136.85522461,259150.05580214,-0.824646,-10.2141,-21.9084
NeuCoin,NEU,182,388684957.616442,2427112860.03014,,2015-09-25T00:00:00.000Z,0.00065077,150.18397522,252943.95627348,-4.05255,-19.3112,-7.76218
GoldCoin,GLC,183,37345078.0,37345078.0,72245700.0,2013-06-14T00:00:00.000Z,0.00647383,46.08576202,241765.52866815,-17.1525,-23.1811,-51.4932
Kobocoin,KOBO,184,24290004.4720389,24290004.4720389,,2015-02-15T00:00:00.000Z,0.00918964,18.65373611,223216.42349191,-0.85081,-12.5847,-3.23552
Tickets,TIX,185,66876281414.0,66876281414.0,,2013-11-03T00:00:00.000Z,3.34e-06,20.73536873,223046.18853079,-5.68434e-14,17.4627,-5.53434
SmileyCoin,SMLY,186,25308290000.0,25308290000.0,48000000000.0,2015-01-28T00:00:00.000Z,8.79e-06,33.77507019,222446.44495728,-1.03163,-14.0361,31.5401
CasinoCoin,CSC,187,38396705.0,38396705.0,,2018-01-16T00:00:00.000Z,0.00561993,73.09316254,215786.79830168,-0.360202,-5.4133,-10.7769
EuropeCoin,ERC,188,92882560.8760175,92882560.8760175,32000000.0,2015-06-18T00:00:00.000Z,0.002318,401.81417847,215301.44756707,-0.889969,38.4634,20.1928
Cryptofund,FUND,189,1000000.0,1000000.0,,2015-09-21T00:00:00.000Z,0.21337566,422.91055298,213375.65779686,-0.174566,127.237,15.9158
PotCoin,POT,190,213446638.486275,213446638.486275,420000000.0,2014-02-10T00:00:00.000Z,0.00099667,370.54141235,212736.52935994,-4.23626,-8.4405,41.3564
Ubiq,UBQ,191,3585996.34712793,3585996.34712793,,2014-09-07T00:00:00.000Z,0.05719527,253.46029663,205102.02416996,-1.33664,-7.77159,-9.20155
MMNXT,MMNXT,192,10000000.0,50000000.0,,2014-10-22T00:00:00.000Z,0.01982543,55.66796112,198254.34312224,-0.824651,-14.7235,51.6412
Silkcoin,SILK,193,43755188.153978,43755188.153978,,2014-05-11T00:00:00.000Z,0.00428587,18.40200615,187529.03312592,-0.850813,-10.9189,12.7387
Viacoin,VIA,194,21344707.5,21344707.5,23176392.0,2014-07-18T00:00:00.000Z,0.00865225,159.52458191,184679.73161723,0.753383,-7.1671,24.1019
Boolberry,BBR,195,7517578.80450698,7517578.80450698,18450000.0,2014-06-24T00:00:00.000Z,0.02353073,423.46109009,176894.13845475,-0.852404,-3.72588,16.2655
NXTventure,NXTV,196,1000000.0,1000000.0,,2014-09-23T00:00:00.000Z,0.17498767,18.37370491,174987.67375946,-0.174564,-9.09708,-39.6074
NoirShares,NRS,197,2477480.606737,2477480.606737,,2014-04-20T00:00:00.000Z,0.0703356,437.43530273,174255.0770349,-0.850806,-3.62228,21.1351
Groestlcoin,GRS,198,64272241.9522568,64272241.9522568,105000000.0,2014-04-11T00:00:00.000Z,0.0024958,199.62632751,160410.56603018,-0.844659,-4.7297,32.9179
Pandacoin,PND,199,32514916897.7707,32514916897.7707,,2014-02-27T00:00:00.000Z,4.89e-06,72.51513672,158909.6305654,-14.434,34.0663,-17.4248
Greencoin,GRE,200,2122080641.0,2122080641.0,,2014-06-23T00:00:00.000Z,7.231e-05,2.1868782,153442.60645291,-0.850807,-26.3545,13.9794
Librexcoin,LXC,201,9793436.81499561,9793436.81499561,,2014-08-05T00:00:00.000Z,0.01556586,0.33475798,152443.24897367,-0.850811,,4.1896
CannabisCoin,CANN,202,77229211.7568928,91857211.7568928,,2014-08-02T00:00:00.000Z,0.00196522,50.10460663,151772.12847204,-0.854857,-3.33311,36.6623
AudioCoin,ADC,203,771714764.234507,771714764.234507,,2015-06-05T00:00:00.000Z,0.00019042,13.76165867,146949.17569478,-0.850804,-14.3006,13.2516
Colossuscoin V2,CV2,204,20979639067.039,20979639067.039,,2015-03-20T00:00:00.000Z,6.59e-06,4.19054508,138182.78699555,-0.850251,-6.07581,4.57744
SpreadCoin,SPR,205,5045652.18151166,5045652.18151166,,2014-10-26T00:00:00.000Z,0.02678011,122.6925354,135123.13849517,-0.850807,-6.26934,13.5435
Flycoin,FLY,206,210805.55394135,210805.55394135,,2015-09-14T00:00:00.000Z,0.63021249,22.84991837,132852.29216777,0.0911623,79.3985,-7.99079
Pangea Poker,PANGEA,207,999352.3046,1000000.0,,2014-12-14T00:00:00.000Z,0.1280382,0.25888044,127955.2680041,-0.0849488,-9.09597,-40.8351
TileCoin,XTC,208,100000000.0,100000000.0,,2014-10-25T00:00:00.000Z,0.00127699,6.77873182,127699.3425563,-0.195694,16.4408,-4.35204
Pakcoin,PAK,209,24822350.0,24822350.0,182000000.0,2015-09-15T00:00:00.000Z,0.00497357,51.6657753,123455.6115207,-0.824472,-22.5826,-7.97376
Orbitcoin,ORB,210,2643933.279225,2643933.279225,3770000.0,2013-12-21T00:00:00.000Z,0.04601121,112.01060486,121650.56798249,-2.10511,-6.96114,-0.70259
Stealth,XST,211,24028834.7474082,24028834.7474082,,2014-07-10T00:00:00.000Z,0.00501189,438.20571899,120429.85621123,0.161456,-15.039,-4.898
Pebblecoin,XPB,212,21543727.5163042,21543727.5163042,,2015-04-01T00:00:00.000Z,0.00552825,36.97052383,119099.02659951,-1.99005,-7.65008,-4.22418
GeoCoin,GEO,213,2455079.14675095,2455079.14675095,,2015-02-22T00:00:00.000Z,0.04630575,249.40112305,113684.28927848,-1.64716,-9.0679,66.9598
bitUSD,BITUSD,214,108055.1123,108055.1123,,2014-09-23T00:00:00.000Z,1.05079937,20.80004501,113544.24390981,-0.679562,2.00172,2.40675
Creditbit,CRB,215,12399006.0951392,12399006.0951392,,2016-01-16T00:00:00.000Z,0.00908731,111.39893341,112673.67195608,9.78562,-19.4417,-14.587
PIVX,PIVX,216,38951676.0,38951676.0,,2016-02-13T00:00:00.000Z,0.00271476,78.57553101,105744.30305426,-0.717591,-5.87446,6.22304
LeafCoin,LEAF,217,15322977852.8781,15322977852.8781,,2014-02-02T00:00:00.000Z,6.71e-06,0.13422979,102840.01549088,-1.71497,-1.48873,
UltraCoin,UTC,218,32255289.734461,32255289.734461,,2014-02-10T00:00:00.000Z,0.00316839,0.61368132,102197.28914503,-0.850805,-3.87621,0.996403
Bullion,CBX,219,976716.69086944,976716.69086944,,2013-08-04T00:00:00.000Z,0.10427958,77.72657013,101851.60408775,-0.850809,-40.6264,-34.2483
Energycoin,ENRG,220,120043115.606427,120043115.606427,,2014-05-15T00:00:00.000Z,0.0008414,207.58868408,101004.00544073,1.18131,-5.40756,-1.73068
Joincoin,J,221,2448401.5,2448401.5,,2014-08-26T00:00:00.000Z,0.04005185,165.46173096,98063.0039774,19.5323,7.26806,5.56979
Bitstar,BITS,222,18820916.473907,18820916.473907,,2014-04-23T00:00:00.000Z,0.00517653,35.94692612,97427.03412385,-0.824643,-7.30248,32.8991
e-Gulden,EFL,223,14647222.5,19686562.5,21000000.0,2014-03-26T00:00:00.000Z,0.00664574,315.37619019,97341.61213941,-0.920548,-6.70574,2.29751
PayCoin,XPY,224,11552913.5379068,11602913.5379068,,2014-12-16T00:00:00.000Z,0.00803272,0.81001627,92801.31506701,-0.850804,-6.26933,8.16853
Hyper,HYPER,225,6313631.22479944,6313631.22479944,,2014-05-31T00:00:00.000Z,0.01380418,81.29575348,87154.51709812,-0.850806,-6.62505,26.2369
LiteDoge,LDOGE,226,13697596138.75,13697596138.75,,2015-03-19T00:00:00.000Z,6.13e-06,18.7843399,83919.15757761,-0.788565,160.397,391.927
DeBuNe,DEBUNE,227,231731.0,1000000.0,,2015-02-06T00:00:00.000Z,0.35210505,63.37891006,81593.65563795,-0.174565,87.4896,33.9794
Blitzcash,BLITZ,228,3985468.64937518,3985468.64937518,,2014-11-16T00:00:00.000Z,0.01973998,83.56338501,78673.07094334,-0.82465,-9.04064,11.8138
MaryJane,MARYJ,229,51887638.1620897,51887638.1620897,,2014-10-04T00:00:00.000Z,0.00151228,5.47208929,78468.76861084,16.9758,-8.94916,2.67996
TrustPlus,TRUST,230,32086595.2637433,32086595.2637433,,2014-07-10T00:00:00.000Z,0.0023993,29.49390411,76985.31547238,-0.850805,-6.78013,16.5286
Stress,STS,231,565134331.92926,565134331.92926,,2016-03-01T00:00:00.000Z,0.00013173,0.13449919,74446.72722241,-0.73836,-26.2747,-47.365
Bytecent,BYC,232,1134891.33213393,1134891.33213393,,2014-11-23T00:00:00.000Z,0.06426176,0.83207667,72930.11082243,-0.824644,4.39911,17.9672
CORE,CORE,233,837560.0,1000000.0,,2015-06-18T00:00:00.000Z,0.0853588,0.85358799,71493.11527491,-0.174568,-27.2768,-56.4703
HunterCoin,HUC,234,12915930.0,12915930.0,,2014-02-14T00:00:00.000Z,0.00544937,299.46279907,70383.62151868,-0.335805,-9.42569,50.8377
Xiaomicoin,MI,235,404316480.348584,404316480.348584,,2015-09-04T00:00:00.000Z,0.00017091,6.42330933,69101.29563092,-0.850806,74.0646,
MMBTCD,MMBTCD,236,400000.0,1000000.0,,2015-07-07T00:00:00.000Z,0.1707176,90.30960846,68287.0388031,-0.08495,-9.09597,16.4289
Sexcoin,SXC,237,115687876.394311,115687876.394311,,2013-12-09T00:00:00.000Z,0.00058579,29.07431984,67768.70973846,-0.755294,-13.1284,-12.8958
Qibuck,QBK,238,522958.87820238,522958.87820238,,2014-08-17T00:00:00.000Z,0.12954238,70.8935318,67745.33802327,-0.340756,-7.17839,8.89987
2GIVE,2GIVE,239,501242030.80285,501242030.80285,,2016-05-16T00:00:00.000Z,0.00013173,190.16676331,66030.01557559,-0.714709,-17.596,2.41055
CryptCoin,CRYPT,240,6030949.63972023,6030949.63972023,,2014-05-26T00:00:00.000Z,0.01088558,28.17872047,65650.4043002,-0.850811,21.023,32.7783
Aiden,ADN,241,14639403.0,14639403.0,,2014-04-15T00:00:00.000Z,0.00431216,214.49609375,63127.50197961,-0.850805,-9.26036,60.8351
Devcoin,DVC,242,10768460049.9997,10768460049.9997,,2013-04-28T00:00:00.000Z,5.77e-06,4.18837118,62125.55658901,-0.403482,-1.97497,-11.4558
Uniform Fiscal Object,UFO,243,2314151262.133,2314151262.133,4000000000.0,2014-02-27T00:00:00.000Z,2.629e-05,84.80963135,60847.55087015,-0.850811,24.9742,3.61762
RedCoin,RED,244,74098806.0,74098806.0,,2014-01-24T00:00:00.000Z,0.0007662,118.1920166,56774.37244781,-3.17275,20.8718,-11.2893
BritCoin,BRIT,245,10907793.8917418,10907793.8917418,,2014-07-03T00:00:00.000Z,0.00512727,0.39479962,55927.17653283,-0.850809,-6.26934,62.9526
BigUp,BIGUP,246,4234248755.60423,4234248755.60423,,2016-03-22T00:00:00.000Z,1.317e-05,0.07317757,55778.9462343,-0.714707,87.8152,53.1717
MarteXcoin,MXT,247,2709074.30381171,2709074.30381171,11600000.0,2016-05-31T00:00:00.000Z,0.01986088,36.64925003,53804.61096867,3.64773,-5.6126,-5.53315
Truckcoin,TRK,248,70529462.764565,70529462.764565,,2014-07-16T00:00:00.000Z,0.00075134,151.63095093,52991.38111737,-0.850807,10.1696,75.6807
TeslaCoin,TES,249,68067149.808561,68067149.808561,,2014-02-06T00:00:00.000Z,0.00077326,84.46555328,52633.30059034,-0.85081,-4.94929,38.2554
Yacoin,YAC,250,101883501.0,101883501.0,,2013-06-09T00:00:00.000Z,0.00051273,0.08545446,52238.39935818,-0.850804,0.934322,4.13639
Magi,XMG,251,5210440.93833755,5210440.93833755,,2014-09-24T00:00:00.000Z,0.00990457,137.89363098,51607.20098747,3.4654,-4.97623,0.275952
Woodcoin,LOG,252,8035193.05359805,8035193.05359805,,2015-03-23T00:00:00.000Z,0.0063565,0.07974216,51075.68291161,-0.850805,-6.26934,-5.30856
BBQCoin,BQC,253,50765853.56,50765853.56,,2013-05-08T00:00:00.000Z,0.00097752,18.27894402,49624.4488678,-0.0945775,2.9446,-13.0912
Asiadigicoin,ADCN,254,172200.0,9505533.0,,2016-02-22T00:00:00.000Z,0.28340748,58.49505234,48802.76797414,-15.3012,-7.41965,39.3019
Bean Cash,BITB,255,1428071000.0,1428071000.0,50000000000.0,2015-02-18T00:00:00.000Z,3.332e-05,23.94701576,47588.64123434,-0.850808,-4.96714,0.989943
HempCoin,THC,256,199351282.873498,199351282.873498,300000000.0,2014-06-28T00:00:00.000Z,0.00023664,80.05685425,47175.10845406,-0.850811,-11.2025,63.1576
Fibre,FIBRE,257,639576.59328939,639576.59328939,,2014-08-30T00:00:00.000Z,0.07346877,111.01184845,46988.90854438,0.305177,-12.4907,3.09829
Synergy,SNRG,258,1712594.6164787,1712594.6164787,,2015-06-08T00:00:00.000Z,0.02708906,223.66139221,46392.58359312,-0.850811,-9.38875,42.5444
Krypton,KR,259,2835837.3828125,2835837.3828125,,2016-04-13T00:00:00.000Z,0.01629945,391.26675415,46222.57596646,24.083,9.0878,43.5452
LottoCoin,LOT,260,14491014421.1776,14491014421.1776,,2013-12-28T00:00:00.000Z,3.11e-06,0.92818034,45128.68664541,-0.580646,-7.37932,13.1882
Bata,BTA,261,4615007.75,4615007.75,10000000.0,2015-05-29T00:00:00.000Z,0.009532,432.73181152,43990.27507805,2.34499,23.5227,81.6581
Positron,TRON,262,1648455.1957986,1648455.1957986,,2015-04-14T00:00:00.000Z,0.02630025,33.93778992,43354.78927996,-0.850809,,2385.03
Nxttycoin,NXTTY,263,1000000000.0,1000000000.0,,2014-08-12T00:00:00.000Z,4.289e-05,0.87930232,42892.79604563,-0.174568,-39.0943,-49.6835
The Viral Exchange,TVE,264,488918.233,500000.0,,2015-12-05T00:00:00.000Z,0.08749277,0.62468964,42776.811216,-0.174564,-7.28694,23.1988
ParkByte,PKB,265,4728571.00440633,4728571.00440633,,2015-05-19T00:00:00.000Z,0.00887412,68.8010788,41961.89421207,-0.865278,,25.1867
SecretCoin,SCRT,266,4209642.63134178,4209642.63134178,,2015-11-16T00:00:00.000Z,0.00928167,32.85578156,39072.50872114,-0.850662,-2.79539,47.3954
Sativacoin,STV,267,7070064.35005357,7070064.35005357,,2014-10-20T00:00:00.000Z,0.00546208,39.70835876,38617.27853725,-0.800877,39.7317,173.147
DT Token,DRACO,268,8897138.0,88888888.0,,2016-06-30T00:00:00.000Z,0.00428132,310.4135437,38091.45885134,-9.37093,-11.0406,
BitSend,BSD,269,11316900.0,11316900.0,,2014-06-08T00:00:00.000Z,0.00327647,313.04415894,37079.46095585,-0.673226,-23.7429,16.8339
GameBet Coin,GBT,270,20303049.4343808,21303049.4343808,,2016-04-13T00:00:00.000Z,0.00181951,40.40963745,36941.63482775,-0.71894,2.23361,123.585
TransferCoin,TX,271,5510231.99999998,5510231.99999998,,2015-08-21T00:00:00.000Z,0.00662336,188.89239502,36496.24433124,-0.988927,-12.5548,-7.83668
MojoCoin,MOJO,272,105099443.366444,105099443.366444,,2016-04-06T00:00:00.000Z,0.00033863,314.10076904,35589.99211834,-1.94709,-19.899,-45.7142
Coin(O),CNO,273,99995178.0,99995178.0,,2014-03-18T00:00:00.000Z,0.00035496,0.04938157,35494.7577145,-0.824646,-7.97353,21.6381
Particle,PRT,274,714506932.000451,714506932.000451,,2014-01-22T00:00:00.000Z,4.916e-05,0.75149739,35127.57582957,-0.154601,3.3502,
Deutsche eMark,DEM,275,21400193.131939,21400193.131939,210000000.0,2013-12-15T00:00:00.000Z,0.00161098,60.03547668,34475.25117062,-0.8735,-1.93009,-1.34879
DopeCoin,DOPE,276,141157232.67035,141157232.67035,,2014-02-22T00:00:00.000Z,0.00024322,0.40515274,34331.77298177,-0.824652,-13.2991,19.7555
YACCoin,YACC,277,743745536.0,743745536.0,,2016-03-28T00:00:00.000Z,4.611e-05,407.73410034,34291.4894411,-0.714709,-6.09242,9.76948
Gapcoin,GAP,278,7254979.59490316,7254979.59490316,,2014-11-01T00:00:00.000Z,0.00450279,302.82980347,32667.67019376,-0.850806,-5.53782,31.7361
bitBTC,BITBTC,279,47.6305,47.6305,,2014-09-23T00:00:00.000Z,684.26416016,291.16101074,32591.84408032,0.924375,-7.6358,0.227536
SuperCoin,SUPER,280,39006841.9922959,39006841.9922959,,2014-05-26T00:00:00.000Z,0.00082901,128.10197449,32337.17480515,-0.850808,-27.4789,
Bitcoin Plus,XBC,281,85632.18450861,85632.18450861,1000000.0,2014-05-04T00:00:00.000Z,0.37468493,3.77434611,32085.08904532,-0.824651,-8.74084,-3.69174
TEKcoin,TEK,282,271033695.828939,271033695.828939,,2014-05-20T00:00:00.000Z,0.00011832,36.21179962,32069.12895451,-1.63045,-0.755773,23.7826
Bitcredits,BCR,283,31789678.9981032,31789678.9981032,,2015-03-29T00:00:00.000Z,0.00099916,16.61113167,31762.97179321,-0.850806,-13.4109,-10.5127
The Cypherfunks,FUNK,284,40689345000.0,40689345000.0,,2015-06-18T00:00:00.000Z,7.7e-07,13.17948818,31151.44419165,-0.923383,-34.1758,-12.8297
IncaKoin,NKA,285,4668387600.15468,4668387600.15468,,2015-01-28T00:00:00.000Z,6.57e-06,0.07230762,30687.27146645,-0.824651,-6.26934,
Terracoin,TRC,286,15292280.0,15292280.0,42000000.0,2013-04-28T00:00:00.000Z,0.00192922,5.10255432,29502.10724007,-10.5744,-15.1726,-29.9187
Uro,URO,287,1164679.8,1164679.8,,2014-06-12T00:00:00.000Z,0.02500665,34.94587708,29124.7358002,-0.815291,-3.94909,13.9861
Influxcoin,INFX,288,1673383.42986624,1673383.42986624,,2015-09-15T00:00:00.000Z,0.0167559,252.14532471,28039.04131568,-0.824646,-6.20001,-1.30055
MetalCoin,METAL,289,76925527.458029,76925527.458029,,2015-01-28T00:00:00.000Z,0.00036147,130.77764893,27806.25557157,-0.824648,-6.28705,-2.79046
Argentum,ARG,290,5629294.44495494,5629294.44495494,,2013-07-04T00:00:00.000Z,0.00492349,11.02517986,27715.78469465,-0.850805,104.67,239.075
Node,NODE,291,1000000000.0,1000000000.0,,2014-09-13T00:00:00.000Z,2.767e-05,2.75973535,27666.51959973,0.0584212,-9.37025,-15.9862
Dashcoin,DSH,292,12058917.0,12058917.0,,2014-10-07T00:00:00.000Z,0.00227954,13.48358345,27488.7675142,-3.81123,-8.67628,9.22422
NXTInspect,NXTI,293,675996.0,1000000.0,,2014-10-09T00:00:00.000Z,0.04033203,9.59902382,27264.2938115,-0.0849437,1331.73,937.739
Privatebet,Privatebet,294,400000.0,1000000.0,,2014-10-04T00:00:00.000Z,0.06615307,79.38368225,26461.22872829,-0.084943,-9.09597,-62.557
Datacoin,DTC,295,13998538.0,13998538.0,,2013-12-07T00:00:00.000Z,0.00187703,58.04740524,26275.69708612,-0.771675,,-20.387
MonetaryUnit,MUE,296,94182239.975,94182239.975,4000000000.0,2014-11-01T00:00:00.000Z,0.00027827,156.86399841,26207.86880713,-5.74138,7.01763,111.954
Animecoin,ANI,297,1975960545.0,1975960545.0,,2014-02-28T00:00:00.000Z,1.315e-05,0.00657342,25977.6363254,-0.824651,,
Fantomcoin,FCN,298,4345070.38715617,4345070.38715617,,2014-06-08T00:00:00.000Z,0.00591608,8.23234081,25705.7758008,11.5428,-7.4122,14.903
ZiftrCOIN,ZRC,299,12773629.71088,452773629.71088,,2015-03-04T00:00:00.000Z,0.00201147,37.15036774,25693.72873905,-0.824647,-7.47877,-21.0246
Spots,SPOTS,300,12988.969674,12988.969674,,2016-05-31T00:00:00.000Z,1.97599196,1.28763545,25666.09970088,-0.714711,-67.9493,-25.19
CannaCoin,CCN,301,4680145.450642,4680145.450642,,2014-04-25T00:00:00.000Z,0.00542307,187.1857605,25380.76260682,-0.850812,-22.6356,-19.0852
Checkcoin,CKC,302,20263990.0,20263990.0,,2014-09-19T00:00:00.000Z,0.00124895,5.54796648,25308.70604376,-0.82465,-6.26934,5.23533
Memetic / PepeCoin,MEME,303,11943826.8102557,11943826.8102557,,2016-03-14T00:00:00.000Z,0.00209649,9.55147076,25040.09126017,7.9061,30.525,22.0315
Elite,1337,304,3784456185.37278,3784456185.37278,,2015-11-09T00:00:00.000Z,6.57e-06,81.31543732,24876.81920618,-0.830533,-28.8387,-5.08057
EverGreenCoin,EGC,305,13038366.2631011,13038366.2631011,,2016-01-10T00:00:00.000Z,0.00186349,278.90551758,24296.81169926,-0.903477,4.1652,78.7725
DigiCube,CUBE,306,263868603.51932,263868603.51932,,2015-10-24T00:00:00.000Z,9.144e-05,67.42951965,24128.76541393,-0.82465,-9.81861,-19.1143
Kore,KORE,307,1830948.808323,1830948.808323,12000000.0,2014-06-21T00:00:00.000Z,0.01315999,28.50129128,24095.26175605,-0.85081,,
Sterlingcoin,SLG,308,3881156.1090703,3881156.1090703,,2014-09-23T00:00:00.000Z,0.00605236,0.10849432,23490.15013546,-0.763824,-8.39756,3.12403
Crown,CRW,309,9003370.0,9003370.0,42000000.0,2014-11-08T00:00:00.000Z,0.00256448,2.99698663,23088.93141707,-0.850808,-8.58256,195.913
ARCHcoin,ARCH,310,16531913.6275395,16531913.6275395,,2014-10-06T00:00:00.000Z,0.00135412,37.48662949,22386.26949737,-0.850808,-0.294379,74.9609
Canada eCoin,CDN,311,94603181.9791179,94603181.9791179,,2014-05-11T00:00:00.000Z,0.00023642,1.33092928,22366.47292778,-0.849969,-6.51421,-29.7536
GlobalCoin,GLC,312,65171009.975,65171009.975,,2013-08-04T00:00:00.000Z,0.00034182,0.98409158,22276.61471017,-0.850806,12.3013,-29.7095
QuazarCoin,QCN,313,4183335.10109632,4183335.10109632,,2014-05-26T00:00:00.000Z,0.00525874,27.85631371,21999.0557355,35.4004,49.9691,37.6337
OrangeCoin,OC,314,61039828.286957,61039828.286957,,2014-05-13T00:00:00.000Z,0.00034839,52.74625778,21265.7434984,-0.850806,-12.8469,-27.8071
Dimecoin,DIME,315,491272591695.918,491272591695.918,,2014-01-06T00:00:00.000Z,4e-08,3.12347054,21074.32443945,-0.486829,-56.3361,-47.4704
Aricoin,ARI,316,140262505.130972,140262505.130972,,2014-02-20T00:00:00.000Z,0.00014944,10.91826534,20960.29685222,-0.997268,-11.5781,18.3214
Trollcoin,TROLL,317,527060410.0,527060410.0,,2014-09-30T00:00:00.000Z,3.944e-05,5.3089838,20786.49818534,-0.82136,-6.4497,-11.147
Viral,VIRAL,318,5383031.1653871,5383031.1653871,,2015-05-08T00:00:00.000Z,0.00364825,64.71828461,19638.63287395,-0.82465,-10.4638,6.99197
Moin,MOIN,319,6401659.37645401,6401659.37645401,,2016-01-04T00:00:00.000Z,0.00303429,21.96213913,19424.480124,-0.883872,,-19.8832
GAIA,GAIA,320,24101381.448726,24101381.448726,,2014-10-11T00:00:00.000Z,0.00080196,0.33554679,19328.27668133,-0.824652,-9.24492,3.02121
Pesetacoin,PTC,321,115164649.414,115164649.414,,2014-02-22T00:00:00.000Z,0.00016659,38.8003006,19185.68345063,-0.873505,-1.02739,10.6733
SproutsExtreme,SPEX,322,2866607585.84296,2866607585.84296,,2016-03-01T00:00:00.000Z,6.64e-06,0.07305078,19037.08304623,0.916075,-4.45479,5.76717
Blakecoin,BLC,323,10960491.465862,10960491.465862,7000000000.0,2014-02-12T00:00:00.000Z,0.00171648,397.10189819,18813.43385933,-0.850808,-0.0862706,41.1344
Bela,BELA,324,22965650.0,22965650.0,,2014-03-20T00:00:00.000Z,0.00080853,458.62005615,18568.43219186,-2.02065,-4.01301,25.2247
Steps,STEPS,325,18596301.9067707,18596301.9067707,,2015-09-19T00:00:00.000Z,0.00098606,7.33082247,18337.099975,0.0298626,-2.07295,-15.0404
SOILcoin,SOIL,326,3381312.0,3381312.0,,2015-11-12T00:00:00.000Z,0.00539678,99.90589905,18248.18941462,0.619641,0.0598949,13.2996
MonetaVerde,MCN,327,18446258.360373,18446258.360373,,2014-08-26T00:00:00.000Z,0.00095315,275.28427124,17581.97566046,6.38184,-26.6842,43.0276
Bottlecaps,CAP,328,62882102.481533,62882102.481533,,2013-07-04T00:00:00.000Z,0.00026951,3.53369212,16947.36992043,1.62793,1.13045,95.8131
Francs,FRN,329,1640000.0,1640000.0,,2016-01-31T00:00:00.000Z,0.01027597,63.14664841,16852.58351266,-0.91399,-13.925,6.88593
Ratecoin,XRA,330,90520023.837323,90520023.837323,,2015-06-26T00:00:00.000Z,0.00018256,8.69045544,16524.98954853,-0.824645,35.6299,75.3306
PrimeChain,PRIME,331,3585867.237337,3585867.237337,,2015-09-14T00:00:00.000Z,0.00457405,196.98371887,16401.92504944,-0.862901,-6.69716,-10.838
Hellenic Coin,HNC,332,5800500.0,55800500.0,,2015-07-21T00:00:00.000Z,0.00277548,296.79855347,16099.17061811,-0.824649,-60.4243,5.76353
ChessCoin,CHESS,333,48397891.4231064,48397891.4231064,,2016-07-02T00:00:00.000Z,0.00032933,116.44689941,15938.97387641,-0.714714,-39.1121,
HoboNickels,HBN,334,25819588.700623,25819588.700623,120000000.0,2013-12-20T00:00:00.000Z,0.00061133,37.46109772,15784.2389211,-0.873503,-5.25734,5.90551
SmartCoin,SMC,335,21445861.999,21445861.999,,2014-02-06T00:00:00.000Z,0.00073589,9.99563599,15781.84664992,-0.445883,-9.24047,-17.8822
FreeMarket,MRKT,336,720000.0,1000000.0,,2014-09-23T00:00:00.000Z,0.02157444,19.50868416,15533.59508514,-0.0849426,-69.3653,-79.5627
Nyancoin,NYAN,337,278253882.218906,278253882.218906,337000000.0,2014-02-10T00:00:00.000Z,5.259e-05,14.90995312,14632.63662162,-0.850811,-6.26934,3.61762
SHACoin,SHA,338,365515033.183978,365515033.183978,,2014-06-25T00:00:00.000Z,3.982e-05,0.04105816,14554.13543657,0.735194,-4.60664,
8Bit,8BIT,339,711960.78618273,711960.78618273,,2015-04-18T00:00:00.000Z,0.02031187,62.65330505,14461.25338071,-3.89074,0.840563,-3.60588
020LondonCoin,020,340,150917840248.347,150917840248.347,,2015-09-15T00:00:00.000Z,1e-07,5.22955942,14374.09776388,-0.774838,-12.0163,-22.1484
bitSilver,BITSILVER,341,653.965,653.965,,2015-02-25T00:00:00.000Z,21.30144501,66.2546463,13930.39948421,1.48468,,11.8008
Quotient,XQN,342,22535705.418961,22535705.418961,,2014-11-23T00:00:00.000Z,0.00061725,1.0986805,13910.11792563,0.0768664,-4.70202,22.1689
Halcyon,HAL,343,3491788.84609949,3491788.84609949,,2014-08-19T00:00:00.000Z,0.00394405,2.88323212,13771.79649446,-0.82465,-6.35594,-6.88805
AeroMe,AM,344,12109617.5477073,12109617.5477073,,2014-07-08T00:00:00.000Z,0.00111748,4.79970074,13532.27218209,-0.82465,-6.49799,189.555
Moneta,MNTA,345,16712687.5196268,16712687.5196268,,2014-08-30T00:00:00.000Z,0.0007987,5.13536453,13348.38410647,-0.260331,82.2686,-2.87385
RussiaCoin,RC,346,7938721.387144,7938721.387144,,2016-01-05T00:00:00.000Z,0.00164336,0.02948926,13046.13752081,,,
GenesysCoin,GSY,347,1733362.725,1733362.725,,2015-09-15T00:00:00.000Z,0.00745364,13.13103104,12919.85769118,-0.85081,,21.5013
Cryptographic Anomaly,CGA,348,211281.50951075,211281.50951075,,2014-02-21T00:00:00.000Z,0.06067267,197.40344238,12819.01264392,-0.893758,-14.1333,58.3772
Sling,SLING,349,1074095.017,1074095.017,,2015-04-21T00:00:00.000Z,0.01175328,18.3567028,12624.13417448,-0.850808,-3.06725,-24.7061
Universal Currency,UNIT,350,12621609.2246839,12621609.2246839,210000000.0,2015-05-07T00:00:00.000Z,0.00099898,280.17724609,12608.69865715,-0.195097,-23.0862,75.8934
Neutron,NTRN,351,12617683.8877,12617683.8877,68000000.0,2015-04-21T00:00:00.000Z,0.00098618,155.64447021,12443.31528746,23.6661,,77.8899
SixEleven,611,352,373942.6139218,373942.6139218,,2016-05-09T00:00:00.000Z,0.03295955,3.54368472,12324.97911916,-0.714711,-8.16621,-6.26353
Franko,FRK,353,636949.64912876,636949.64912876,,2013-06-09T00:00:00.000Z,0.01910126,18.40838814,12166.53862856,-0.714707,-6.12914,21.0175
BitBar,BTB,354,25787.696437,25787.696437,,2013-05-09T00:00:00.000Z,0.46014598,7.26335192,11866.10485203,-0.850807,-8.39431,33.8754
bitGold,BITGOLD,355,8.17407,8.17407,,2015-01-04T00:00:00.000Z,1419.46240234,132.17494202,11602.78503913,1.48467,-1.25082,-4.15757
CryptoEscudo,CESC,356,144105100.0,594105100.0,,2014-04-03T00:00:00.000Z,7.84e-05,10.36724281,11297.17199396,-7.45234,-12.5414,-29.7255
BiosCrypto,BIOS,357,20253099.1768919,20253099.1768919,,2015-07-27T00:00:00.000Z,0.00055208,156.92062378,11181.34021352,4.09972,-4.31428,24.2809
CageCoin,CAGE,358,101168328395.0,101168328395.0,,2014-04-15T00:00:00.000Z,1.1e-07,3.08725619,11103.38984493,-0.688848,-2.65462,4.43929
1CRedit,1CR,359,48186.0,48186.0,,2016-03-22T00:00:00.000Z,0.22965638,64.00676727,11066.22249028,-0.674144,-13.9417,30.1696
AmsterdamCoin,AMS,360,9603706.824823,16803706.824823,,2015-08-21T00:00:00.000Z,0.00115035,0.11503485,11047.60932335,-0.824655,2.63985,81.2552
X-Coin,XCO,361,12384976.0,12384976.0,,2015-03-06T00:00:00.000Z,0.00086457,7.84709263,10707.69708299,-0.227573,-1.45134,37.6032
PayCon,CON,362,23042604.0,23042604.0,,2015-02-15T00:00:00.000Z,0.00045857,402.82592773,10566.68700413,-36.782,-43.9031,52.4761
Viorcoin,VIOR,363,4955678.88226828,4955678.88226828,,2014-11-23T00:00:00.000Z,0.00209035,41.21207047,10359.09078954,-0.824652,,
HTML5COIN,HTML5,364,40659020000.0,40659020000.0,,2014-09-19T00:00:00.000Z,2.5e-07,1.61347795,10327.19981618,-0.626769,-4.39274,7.59722
ExclusiveCoin,EXCL,365,12806826.7284203,12806826.7284203,,2014-09-30T00:00:00.000Z,0.00080196,5.76898479,10270.52706267,-0.824652,-6.26934,26.3218
PostCoin,POST,366,15219632.3040918,15219632.3040918,,2016-04-08T00:00:00.000Z,0.00066219,419.93951416,10078.33653055,-0.714707,-34.0474,-14.8854
Sapience AIFX,XAI,367,684468.22556967,684468.22556967,,2014-12-25T00:00:00.000Z,0.01398166,70.19665527,9570.0051273,-0.850807,,
Limitless VIP,VIP,368,1259816434.0,1259816434.0,,2014-11-08T00:00:00.000Z,7.48e-06,0.28064758,9420.65584556,-1.01896,-4.02911,-14.7491
GlobalBoost-Y,BSTY,369,8121591.44545536,8121591.44545536,21000000.0,2014-10-03T00:00:00.000Z,0.00107383,4.36133146,8721.21755896,-0.705293,-7.20121,-8.96585
MindCoin,MND,370,12183562.5,12183562.5,,2016-01-04T00:00:00.000Z,0.00071073,2.01191998,8659.21243647,4.80821,15.6528,26.2499
MGW,MGW,371,1000000.0,1000000.0,,2014-08-22T00:00:00.000Z,0.00838532,0.41926599,8385.32019407,-0.556277,-1.68396,-53.1684
Kumacoin,KUMA,372,182512439.850082,182512439.850082,,2014-08-02T00:00:00.000Z,4.464e-05,5.76864576,8147.04140946,-0.943879,-61.999,
ApexCoin,APEX,373,6133914.20996267,6133914.20996267,,2014-07-18T00:00:00.000Z,0.00130811,0.65895909,8023.83784543,-0.850812,,-19.0373
Bitz,BITZ,374,1990890.81120387,1990890.81120387,,2015-03-09T00:00:00.000Z,0.00395063,0.02218529,7865.26339401,13.2864,9.38276,-34.7167
Phoenixcoin,PXC,375,51028100.0,51028100.0,98000000.0,2013-07-04T00:00:00.000Z,0.00015119,3.43625617,7714.87035568,-0.824646,-10.1748,-10.0992
Granite,GRN,376,29728150.0,29728150.0,65000000.0,2014-06-12T00:00:00.000Z,0.00025636,0.49867278,7621.20930591,-0.850804,-3.80274,-45.5024
SpaceCoin,SPACE,377,1927642.73829381,1927642.73829381,,2015-09-09T00:00:00.000Z,0.00387832,183.95402527,7476.01109258,-0.513567,32.2653,
High Voltage,HVCO,378,1201175.0007,1401175.0007,,2016-06-08T00:00:00.000Z,0.00614298,488.35467529,7378.79450921,4.63563,10.9643,70.8072
Triangles,TRI,379,68963.086363,68963.086363,,2014-07-21T00:00:00.000Z,0.10633293,0.00295995,7333.04689291,-34.5644,-38.2531,-29.4765
RevolverCoin,XRE,380,6722432.0,6722432.0,,2016-06-08T00:00:00.000Z,0.0010868,114.59187317,7305.90942587,-3.63487,5.38562,4.36292
Manna,MANNA,381,38262770.8953629,10038262770.8954,,2015-07-27T00:00:00.000Z,0.00019063,4.66733837,7294.00091859,2.69024,-4.89877,-40.4502
CyberCoin,CC,382,547743985.155012,547743985.155012,,2015-04-03T00:00:00.000Z,1.315e-05,0.0657342,7201.10231036,-0.850811,,107.234
Pulse,PULSE,383,14298971.520004,14298971.520004,,2016-03-14T00:00:00.000Z,0.00050126,222.39787292,7167.5330705,-1.03944,-15.1607,127.228
ECC,ECC,384,19962525845.3074,19962525845.3074,25000000000.0,2014-03-20T00:00:00.000Z,3.6e-07,9.30197144,7098.71179877,-0.628691,-7.34231,23.7574
Bitcoin Scrypt,BTCS,385,12792950.0,12792950.0,,2014-03-17T00:00:00.000Z,0.00054474,0.6514799,6968.81077807,0.806664,14.1315,40.1116
Destiny,DES,386,1600000.0247,1600000.0247,,2016-02-26T00:00:00.000Z,0.00427529,171.12435913,6840.46979378,-0.738358,-16.4553,107.66
BunnyCoin,BUN,387,99305953627.6842,99305953627.6842,,2014-09-11T00:00:00.000Z,7e-08,0.35842824,6811.67737358,-6.55835,-9.0862,-4.34043
Prime-XI,PXI,388,4524561.3764839,4524561.3764839,,2014-10-04T00:00:00.000Z,0.00150543,148.84164429,6811.43137949,-0.850806,-0.196125,15.9341
Comet,CMT,389,127350.0,127350.0,,2016-06-26T00:00:00.000Z,0.05268653,197.61294556,6709.63020958,-0.674143,-23.1779,539.045
WARP,WARP,390,1095224.0,1095224.0,,2016-02-03T00:00:00.000Z,0.00603111,58.60714722,6605.41891547,-1.25009,-4.39722,0.279259
Tigercoin,TGC,391,43536799.955768,43536799.955768,,2013-12-21T00:00:00.000Z,0.00015119,0.23456407,6582.27069713,-0.850805,2.65739,-75.9438
SaffronCoin,SFR,392,20386026.0,20386026.0,,2014-06-15T00:00:00.000Z,0.00030895,33.01239395,6298.27805865,-10.3831,-4.23171,10.6066
Fastcoin,FST,393,126764507.481737,126764507.481737,165888000.0,2013-07-04T00:00:00.000Z,4.868e-05,9.28163624,6170.55979855,-1.30843,32.7903,14.1625
Kittehcoin,MEOW,394,23905669975.52,23905669975.52,,2014-01-24T00:00:00.000Z,2.6e-07,11.05778503,6100.66463433,-0.941767,-7.68284,4.14954
Cypher,CYP,395,6365284.67510838,6365284.67510838,,2015-04-11T00:00:00.000Z,0.00092685,132.04652405,5899.67827189,-0.824648,61.8695,-23.5209
PetroDollar,XPD,396,63993274.8872568,63993274.8872568,,2014-04-15T00:00:00.000Z,9.203e-05,0.02242045,5889.16564681,-0.850806,0.940715,106.622
CorgiCoin,CORG,397,932361655.263238,932361655.263238,,2014-02-21T00:00:00.000Z,6.16e-06,0.00076989,5746.69168983,-3.08084,-56.0588,-30.2689
Phalanx,PXL,398,1804500.70240048,1804500.70240048,,2015-04-07T00:00:00.000Z,0.00314209,0.07887447,5669.91210264,-0.82465,,
PosEx,PEX,399,1679033.85374377,1679033.85374377,,2016-04-04T00:00:00.000Z,0.00332037,49.00262451,5575.00559918,-0.847917,17.3653,24.7745
SwagBucks,BUCKS,400,105429.0305,105429.0305,,2016-01-04T00:00:00.000Z,0.05174278,13.00678444,5455.19083856,-0.82527,10.0362,-69.5095
MangoCoinz,MCZ,401,1547341.59144,1547341.59144,,2015-03-23T00:00:00.000Z,0.00349049,6.33888054,5400.97408391,-0.850811,-4.92681,11.8304
UCoin,U,402,2689812.1443019,2689812.1443019,,2014-11-16T00:00:00.000Z,0.00195231,0.67123163,5251.33581091,-0.824647,7.89925,-20.0551
Metal Music Coin,MTLMC3,403,79719140.463331,79719140.463331,2500000000.0,2015-07-02T00:00:00.000Z,6.509e-05,12.07441235,5188.92263371,-0.874192,17.7643,413.008
Emerald Crypto,EMD,404,17757378.5114661,17757378.5114661,32000000.0,2013-08-04T00:00:00.000Z,0.00028923,5.21918344,5135.97530636,4.22213,17.8313,38.1706
PLNcoin,PLNC,405,17089600.0,19089600.0,38540000.0,2014-04-15T00:00:00.000Z,0.0002958,1.08383858,5055.1705223,-0.850805,-6.26934,-55.0237
Bitzeny,ZNY,406,75614500.0,75614500.0,250000000.0,2015-07-09T00:00:00.000Z,6.573e-05,3.05685711,4970.45885553,-0.850803,-6.26934,
Unitus,UIS,407,29542651.3702023,29542651.3702023,,2015-01-12T00:00:00.000Z,0.00016434,6.12671328,4854.90313025,-0.850809,-3.36765,42.8234
Jay,JAY,408,990439.7444,1000000.0,,2015-04-17T00:00:00.000Z,0.00482277,0.28046831,4776.66506327,-0.174567,-8.69196,-31.7508
IslaCoin,ISL,409,1513704.20190432,1513704.20190432,,2015-09-28T00:00:00.000Z,0.00314867,173.69256592,4766.15230414,-2.98949,-4.81482,-8.36271
Guncoin,GUN,410,146854778.0,146854778.0,500000000.0,2014-05-11T00:00:00.000Z,3.043e-05,7.78934002,4468.31663232,-0.956041,-30.9117,-31.4834
OctoCoin,888,411,42268628.8875981,42268628.8875981,,2014-03-20T00:00:00.000Z,0.00010517,4.60195255,4445.5910701,-0.850811,-19.6521,18.4193
GoldPieces,GP,412,1220160.94807913,1220160.94807913,,2015-01-16T00:00:00.000Z,0.0036351,496.08639526,4435.40859143,-0.850809,25.8084,10.6909
SecFund,SECFUND,413,209387.0,10000000.0,,2016-06-27T00:00:00.000Z,0.0211263,206.19271851,4423.57337834,-0.0942528,-9.09597,
HamRadioCoin,HAM,414,4909915.62499991,7009915.62499991,,2014-10-26T00:00:00.000Z,0.00090056,0.13873203,4421.66647257,-0.850808,-15.2901,-11.278
ARbit,ARB,415,4054330.0,4054330.0,,2015-05-21T00:00:00.000Z,0.00108246,2.54319715,4388.63844167,-0.850808,35.3984,128.017
Swing,SWING,416,1122714.45388633,1122714.45388633,,2015-09-28T00:00:00.000Z,0.00389835,87.99074554,4376.73343167,-0.681257,0.129434,-16.4298
Pura,PURA,417,166090474.0,166090474.0,350000000.0,2015-03-27T00:00:00.000Z,2.629e-05,143.08921814,4367.1296389,-20.6806,16.3506,120.979
ELcoin,ELCO,418,1974617.6106279,1974617.6106279,,2016-04-28T00:00:00.000Z,0.00220831,0.07729072,4360.56035422,0.123744,25.33,
BDSM-FETISH,WHIPPED,419,848105.2299979,848105.2299979,,2016-01-16T00:00:00.000Z,0.00508783,8.40396309,4315.01257494,-0.913989,-27.3161,12.7828
NewYorkCoin,NYC,420,59719935819.0571,59719935819.0571,,2014-05-06T00:00:00.000Z,7e-08,2.88901591,4216.19196131,-8.92952,-7.34675,-37.8212
Orlycoin,ORLY,421,36646652.4529183,36646652.4529183,,2016-04-21T00:00:00.000Z,0.00011235,0.2059827,4117.36141252,0.4074,-4.9498,-7.28548
UniCoin,UNIC,422,2625559.8718,2625559.8718,,2015-06-14T00:00:00.000Z,0.00155133,1.93819416,4073.10208405,-0.428901,-13.092,4.03337
PopularCoin,POP,423,3233168325.48596,3233168325.48596,4999999999.0,2014-04-23T00:00:00.000Z,1.23e-06,1.68086505,3987.96472624,-0.943882,-10.285,24.6569
FujiCoin,FJC,424,605333330.0,605333330.0,10000000000.0,2015-06-14T00:00:00.000Z,6.55e-06,3.43144512,3965.26300027,-0.844409,-2.39051,-38.0203
42-coin,42,425,70.87177312,70.87177312,,2014-01-14T00:00:00.000Z,55.34819794,1.65496802,3922.62492679,-0.824647,-8.93083,-7.82482
RootCoin,ROOT,426,1939888.76454608,1939888.76454608,,2014-08-26T00:00:00.000Z,0.00199832,33.36963272,3876.5180431,-0.824645,-3.15856,-5.40613
GCN Coin,GCN,427,88621910000.0,88621910000.0,,2014-11-16T00:00:00.000Z,4e-08,3.66461015,3752.00781503,-0.628006,-54.028,-45.1406
Bloodcoin,BOD,428,281289440.0,281289440.0,,2015-06-18T00:00:00.000Z,1.317e-05,0.065832,3703.56930944,0.0188635,-5.23374,4.73264
Revenu,REV,429,1195524.99265637,1195524.99265637,,2016-03-22T00:00:00.000Z,0.00306279,167.14350891,3661.63924086,-0.714707,-3.95838,-63.3096
BERNcash,BERN,430,32204956.759826,32204956.759826,,2016-04-11T00:00:00.000Z,0.00011197,18.50938034,3606.08165453,-0.714714,-11.3095,-16.2087
CAPTcoin,CAPT,431,3389629.58067,3389629.58067,,2014-08-20T00:00:00.000Z,0.00105175,2.03061485,3565.03355652,-0.824643,,3.78797
Cabbage,CAB,432,10499996.45,10499996.45,,2016-04-04T00:00:00.000Z,0.00032933,26.47297096,3457.98472202,-0.738365,-48.1259,-42.7064
Bolivarcoin,BOLI,433,3436150.0,3436150.0,25000000.0,2015-09-08T00:00:00.000Z,0.00099916,3.90931153,3433.2632152,-0.850806,-4.06662,-19.636
SongCoin,SONG,434,27359400.0,27359400.0,,2015-03-23T00:00:00.000Z,0.00012489,6.02531528,3417.05184618,-0.850806,-3.4412,-27.0844
Acoin,ACOIN,435,1212633.86290668,1212633.86290668,,2014-09-13T00:00:00.000Z,0.00276741,0.32135913,3355.85495301,-0.850806,-6.39924,43.979
AntiBitcoin,ANTI,436,17456904.1086337,17456904.1086337,,2015-12-15T00:00:00.000Z,0.00018406,18.40556908,3213.04387555,-0.82447,74.9512,52.7004
Spots,SPT,437,21547482.95,21547482.95,,2013-07-25T00:00:00.000Z,0.00014462,0.58355516,3116.0945371,-0.850807,,-32.7076
Dobbscoin,BOB,438,4646360.00000001,4646360.00000001,,2014-08-27T00:00:00.000Z,0.00066838,2.04918504,3105.52004262,-0.637856,-10.261,0.378093
SoonCoin,SOON,439,12462620.0,12462620.0,,2015-01-28T00:00:00.000Z,0.00024354,0.84580564,3035.20480504,-16.49,-17.3288,-2.11533
DigitalPrice,DP,440,17791753.0,17791753.0,,2014-10-04T00:00:00.000Z,0.00017051,1.29438758,3033.6363398,-1.61278,-8.59367,14.6874
Joulecoin,XJO,441,27135312.0,27135312.0,,2013-12-06T00:00:00.000Z,0.00011175,2.34224749,3032.32056257,-0.850811,-6.26934,10.0937
Vcoin,VCN,442,10390968.9999992,10390968.9999992,,2015-06-10T00:00:00.000Z,0.00027608,0.20183028,2868.7766541,-0.850806,-6.26934,-1.5582
LiteBar,LTB,443,176737.0,176737.0,,2014-03-12T00:00:00.000Z,0.01564474,1.90287018,2765.00446875,-0.850804,-20.3289,-3.29022
GamerholicCoin,GHC,444,780330.40711699,780330.40711699,,2014-10-10T00:00:00.000Z,0.00350363,39.98288727,2733.99133763,-0.451104,-2.61512,10.4564
PlatinumBAR,XPTX,445,63465.51514144,63465.51514144,,2016-05-17T00:00:00.000Z,0.04297714,0.69358313,2727.56628839,-0.528663,-5.61274,3.6194
Independent Money System,IMS,446,5314644.58669081,5314644.58669081,,2016-03-18T00:00:00.000Z,0.000494,0.13140346,2625.42379123,-0.714709,-28.8579,
Litecred,LTCR,447,30227750.0256,30227750.0256,,2016-01-21T00:00:00.000Z,8.545e-05,0.16973884,2583.096154,-0.8735,-6.2809,5.89426
TopCoin,TOP,448,31925007.806996,31925007.806996,,2014-02-17T00:00:00.000Z,7.888e-05,0.01025453,2518.2779139,-0.850806,24.9742,
Nullex,NLX,449,34043254.6322574,45095886.6322574,,2016-05-31T00:00:00.000Z,7.317e-05,2.98086286,2491.11257663,-0.738363,4.8951,-39.5961
Debitcoin,DBTC,450,9291949.99999999,17291950.0,,2016-06-16T00:00:00.000Z,0.00026347,26.38777351,2448.10915894,89.1921,-20.0787,183.268
Axiom,AXIOM,451,1647964.22027556,1647964.22027556,,2015-07-30T00:00:00.000Z,0.00142643,15.13397217,2350.70917109,-0.850807,-6.70049,1.74149
CoExistCoin,COXST,452,27138905.2688488,27138905.2688488,,2016-04-18T00:00:00.000Z,8.563e-05,1.39288998,2323.80462443,-0.71471,-70.8495,-25.347
TAGRcoin,TAGR,453,38669633.7973801,38669633.7973801,,2015-07-16T00:00:00.000Z,5.916e-05,2.31051111,2287.72564437,-0.850811,-6.3688,-6.52123
G3N,G3N,454,6964858.0,6964858.0,,2015-06-10T00:00:00.000Z,0.0003221,0.40113637,2243.36399243,-0.850803,-39.5843,
FlavorCoin,FLVR,455,4205630.709,4205630.709,,2016-01-25T00:00:00.000Z,0.000494,16.84316444,2077.57315478,21.4793,76.154,-43.5666
GrowCoin,GROW,456,175241.75322853,175241.75322853,,2014-12-16T00:00:00.000Z,0.01179929,5.05282354,2067.72807607,-0.824648,-15.454,-14.0586
C-Bit,XCT,457,62377500.0,62377500.0,,2016-03-16T00:00:00.000Z,3.293e-05,9.55558395,2054.29066372,-0.714709,-23.3232,4.29257
Cygnus,CYG,458,13815013.3556093,13815013.3556093,,2016-02-26T00:00:00.000Z,0.0001475,9.37301922,2037.72616645,0.0695857,3.39547,
PWR Coin,PWR,459,44236730.0,44236730.0,,2018-05-30T00:00:00.000Z,4.604e-05,24.07980728,2036.788948,-0.718897,-20.3959,-24.7427
FuzzBalls,FUZZ,460,2963525.0,2963525.0,,2016-05-01T00:00:00.000Z,0.00065208,0.48515216,1932.44760269,-0.714707,14.7759,23.6528
NevaCoin,NEVA,461,535060.0,535060.0,,2016-03-22T00:00:00.000Z,0.00358599,6.3914175,1918.71958843,0.234558,-44.8724,-60.8401
AnarchistsPrime,ACP,462,3801472.0,3801472.0,53760000.0,2015-07-13T00:00:00.000Z,0.00049287,138.46173096,1873.61532398,-0.854517,-5.02983,-5.80929
ParallelCoin,DUO,463,271247.24081038,271247.24081038,,2015-10-24T00:00:00.000Z,0.0068581,6.08503914,1860.24075192,-0.850807,-79.6231,-58.9557
Guarany,GUA,464,356748.0,356748.0,,2014-11-23T00:00:00.000Z,0.00494053,3.10329556,1762.52595944,-0.769752,-17.9729,-37.6187
Floz,FLOZ,465,4322629.1567,4322629.1567,,2015-12-21T00:00:00.000Z,0.00040755,0.32867101,1761.69627238,-0.824476,-4.73969,
VIP Tokens,VIP,466,83450402.630487,83450402.630487,,2016-03-12T00:00:00.000Z,1.976e-05,0.0692651,1648.97329483,-0.738362,-27.5643,46.9465
BitCrystal,BTCRY,467,244830116.0184,244830116.0184,,2015-03-23T00:00:00.000Z,6.57e-06,0.0657342,1609.3711313,-0.850811,-6.26934,1.47657
bitEUR,BITEUR,468,1400.03,1400.03,,2015-06-08T00:00:00.000Z,1.08505511,0.45062301,1519.10970963,1.48468,,
ChainCoin,CHC,469,9463967.40430775,9463967.40430775,23000000.0,2015-07-16T00:00:00.000Z,0.00015611,0.93240595,1477.44480791,-0.525086,-12.3133,-11.7683
Bantam,BNT,470,4956385.2272037,14901385.2272037,,2016-01-01T00:00:00.000Z,0.00028923,39.27679443,1433.53773302,-0.871995,-9.14443,26.8966
Coinaid,CAID,471,100643070.368211,100643070.368211,,2015-09-15T00:00:00.000Z,1.315e-05,0.76994467,1323.13830219,-0.846667,,107.234
Alexium,AUM,472,20297335.9504382,20297335.9504382,,2015-08-21T00:00:00.000Z,6.319e-05,1.81183422,1282.52995934,0.293965,3.50397,-40.0785
BeaverCoin,BVC,473,2982590.99999997,2982590.99999997,,2014-10-04T00:00:00.000Z,0.00042727,0.10513528,1274.37847834,-0.850811,,
RonPaulCoin,RPC,474,554065.92169891,554065.92169891,,2014-01-06T00:00:00.000Z,0.00214951,0.72150886,1190.96931666,-0.850811,2.16642,-48.3145
LeaCoin,LEA,475,177928800.0,177928800.0,2000000000.0,2015-04-19T00:00:00.000Z,6.57e-06,0.38875863,1169.60069621,-0.824651,-53.1347,-35.1598
Crypto,CTO,476,5673078.63875535,5673078.63875535,,2015-05-19T00:00:00.000Z,0.00020378,0.62560552,1156.0373477,-0.873506,-9.19843,6.59698
GuccioneCoin,GCC,477,19761482.0,23251482.0,,2015-08-21T00:00:00.000Z,5.61e-05,1.16362679,1108.60579854,-0.919579,-11.1209,0.416499
Evotion,EVO,478,2427063.71796827,2427063.71796827,,2015-12-10T00:00:00.000Z,0.00042727,0.02195452,1037.01706595,-0.824476,-84.7699,
BowsCoin,BSC,479,5550102.41646465,5550102.41646465,,2015-07-13T00:00:00.000Z,0.00017822,0.07128691,989.12413806,0.120631,-8.93185,8.08567
BitQuark,BTQ,480,5309916.14587,5309916.14587,,2014-07-29T00:00:00.000Z,0.00018406,0.95993626,977.32068905,-0.850806,-9.50143,-12.265
OsmiumCoin,OS76,481,894026.0,894026.0,,2015-10-19T00:00:00.000Z,0.00103203,0.51515895,922.65892624,-0.83053,-6.27054,
Pospro,PSP,482,44450575.7354331,44450575.7354331,,2016-06-08T00:00:00.000Z,1.995e-05,1.82438684,886.90497365,1.0149,-4.36444,-31.2343
BREAKcoin,BRE,483,838832.62675314,838832.62675314,,2015-09-08T00:00:00.000Z,0.00105175,0.73293632,882.23990012,-0.849849,-50.8389,
IvugeoCoin,IEC,484,1277840.80000001,61277840.8,,2015-04-29T00:00:00.000Z,0.00067971,0.36655131,868.55478218,0.635251,-2.04146,-9.20919
CryptBit,CBIT,485,1742730.314716,1742730.314716,,2015-10-01T00:00:00.000Z,0.00049301,1.73045278,859.17735496,-0.85081,-5.00393,
Dreamcoin,DRM,486,2420435.56093182,2420435.56093182,,2014-05-13T00:00:00.000Z,0.00035496,31.41192818,859.16916713,-0.850806,-31.6019,-43.8023
Eurocoin,EUC,487,3220631.94940002,3220631.94940002,,2015-08-24T00:00:00.000Z,0.00026294,0.2629368,846.82269106,-0.824643,5.89104,25.1034
BatCoin,BAT,488,6481010000.0,6481010000.0,,2014-03-03T00:00:00.000Z,1.3e-07,0.87193686,826.96842511,-0.943887,-7.68589,212.446
WMCoin,WMC,489,10023229.756615,910023229.756615,,2016-05-20T00:00:00.000Z,7.904e-05,8.07853413,792.23287968,-0.674147,-90.1433,-91.9629
LanaCoin,LANA,490,115197402.947859,115197402.947859,7506000000.0,2016-05-18T00:00:00.000Z,6.59e-06,0.10588682,758.76384646,-0.674143,-6.09242,3.81239
Lyrabar,LYB,491,1175524.0,1175524.0,,2015-11-16T00:00:00.000Z,0.00062447,2.45297027,734.08522614,-0.850661,-6.55188,-23.0962
SydPak,SDP,492,155205.40398691,155205.40398691,,2015-08-24T00:00:00.000Z,0.00451155,1.31976056,700.21666195,0.345044,-5.47688,144.728
Save and Gain,SANDG,493,3064800.039,3064800.039,,2015-10-12T00:00:00.000Z,0.00021692,0.79807889,664.82517055,-0.850811,-6.27054,-7.58493
Prototanium,PR,494,187193.499,187193.499,,2015-10-12T00:00:00.000Z,0.00339188,0.07738877,634.93877137,-0.824648,-5.35342,19.4539
Bitcoin 21,XBTC21,495,414479.25563993,6714479.25563993,,2016-05-05T00:00:00.000Z,0.00135026,4.11426544,559.65523827,-0.67415,-9.19315,-4.33677
MMXVI,MMXVI,496,3225649.39022449,3225649.39022449,,2016-02-17T00:00:00.000Z,0.00016584,0.57606095,534.93301006,-0.67415,68.8849,18.8097
Number7,N7,497,19985642.0,19985642.0,,2016-04-26T00:00:00.000Z,2.635e-05,0.07903968,526.55293296,-0.674143,25.2101,
Zoom,ZOOM,498,67416.508,67416.508,,2015-07-16T00:00:00.000Z,0.00690209,0.06579336,465.31488695,-0.850806,52.1131,67.8978
Evil Coin,EVIL,499,10339800.0,10339800.0,,2016-01-31T00:00:00.000Z,4.279e-05,1.83534873,442.40646455,-0.714709,-25.7185,-50.2374
Antilitecoin,ALTC,500,31512613.2577524,31512613.2577524,,2016-03-18T00:00:00.000Z,1.317e-05,9.96997261,415.12449128,-0.714707,-6.09242,3.80909
PonziCoin,PONZI,501,282375.10301982,282375.10301982,,2016-05-18T00:00:00.000Z,0.00145565,11.45596504,411.03858601,-0.674149,-28.1124,-19.4187
MasterTraderCoin,MTR,502,300677.57086844,10300677.5708684,,2015-03-02T00:00:00.000Z,0.00094,116.63272095,282.63663601,-0.850808,-13.5319,78.2948
ImperialCoin,IPC,503,157865000.0,157865000.0,,2014-07-08T00:00:00.000Z,1.7e-06,0.15410297,268.578254,-0.943881,,
P7Coin,P7C,504,35220238.0,35220238.0,,2015-04-17T00:00:00.000Z,6.57e-06,1.4659121,231.51740969,-0.824651,-6.26934,-48.8884
TurboStake,TRBO,505,31743767.474171,31743767.474171,,2015-10-30T00:00:00.000Z,6.57e-06,0.12814876,208.66510952,-0.80098,,-23.3538
Donationcoin,DON,506,4607050.0,22607050.0,,2014-06-15T00:00:00.000Z,3.944e-05,0.38292801,181.7044546,-0.850806,,
Machinecoin,MAC,507,10773000.0,10773000.0,,2015-02-07T00:00:00.000Z,1.388e-05,0.13881232,149.55746414,0.164118,2.32632,
PROCOM coin,PCM,508,331317.0,3131317.0,,2016-04-08T00:00:00.000Z,0.00032933,0.14869998,109.11328681,-0.714714,,12.706
CRTCoin,CRT,509,79270.3032220006,10079270.303222,,2014-05-11T00:00:00.000Z,0.00131468,1e-08,104.2154033,-0.850805,-6.26934,3.61762
Californium,CF,510,111110.0,111110.0,,2015-04-21T00:00:00.000Z,0.00059161,1.03995454,65.73354517,-0.850805,-0.755767,-0.0971905
Digital Credits,DGCS,511,5826388.00984588,201284316.293967,,2015-11-16T00:00:00.000Z,6.57e-06,0.1314684,38.29929428,-0.850663,-6.2699,
Enigma [XNG],XNG,512,16626.64074583,66626.64074583,5000000.0,2016-04-13T00:00:00.000Z,0.00150834,1.39185584,25.07863709,-0.71471,-6.08107,-29.4085
COIN,COIN,513,183050.0,58516383.0,,2016-05-31T00:00:00.000Z,4.611e-05,83.7277298,8.43979135,-0.714709,-25.3528,-87.1377
23 Skidoo,CHAO,514,,,,2015-07-25T00:00:00.000Z,2116.64135742,0.2240888,0.0,-0.824644,,-5.52205
Breakout,BRK,515,,,,2016-06-14T00:00:00.000Z,627.29901123,2223.93286133,0.0,-0.674147,-6.09242,8.75649
NxttyACCI,ACCI,516,,,,2016-01-04T00:00:00.000Z,2.15470123,215.47012329,0.0,-0.438704,-2.54013,-5.00573
EDRCoin,EDRC,517,,3424722.45988666,,2016-04-08T00:00:00.000Z,1.91259122,1310224.375,0.0,-0.935044,-0.12433,0.196472
ICO OpenLedger,ICOO,518,,,,2016-06-02T00:00:00.000Z,1.08166647,0.45062301,0.0,1.48363,,29.292
CoinoUSD,XUSD,519,,,,2014-12-25T00:00:00.000Z,0.85037702,26.22736168,0.0,-0.850813,-1.15059,8.54474
MaYaCoin,MYC,520,,,,2016-04-11T00:00:00.000Z,0.33537194,3069.61669922,0.0,-1.09384,,
ClubCoin,CLUB,521,,87476877.330405,160000000.0,2015-12-21T00:00:00.000Z,0.31257927,40836.6796875,0.0,-1.83396,-1.56698,20.272
LEOcoin,LEO,522,,74387263.999735,1000000000.0,2015-08-04T00:00:00.000Z,0.31096622,9886.79003906,0.0,-0.716662,-5.20233,34.4433
PabyosiCoin,PBC,523,,,,2016-06-26T00:00:00.000Z,0.21274847,1327.4934082,0.0,-0.674148,-7.80502,69.0426
UNCoin,UNC,524,,,,2015-03-23T00:00:00.000Z,0.09544606,167.13841248,0.0,-0.850809,-1.07079,31.5175
Nocturna,NOC,525,,,,2015-07-27T00:00:00.000Z,0.08479712,0.08277908,0.0,-0.824645,172.077,
GBCGoldCoin,GBC,526,,,,2015-12-05T00:00:00.000Z,0.0705593,92.92609406,0.0,0.0,-9.713,-19.7788
Qwark,QWARK,527,,250196848.04926,,2016-04-18T00:00:00.000Z,0.06091983,3472.16845703,0.0,8.15904,3.99902,1.48916
Alphabit,ABC,528,,18913854.804451,,2016-05-18T00:00:00.000Z,0.04610648,2.45237064,0.0,-0.71471,-34.2647,-81.7455
Faucetcoin,DROP,529,,,,2015-11-02T00:00:00.000Z,0.03268304,1.9685092,0.0,-0.830527,,132.732
TaoPay,TAO,530,,,,2016-06-02T00:00:00.000Z,0.02355382,8286.39453125,0.0,-0.714712,-4.06704,-0.271198
Sharkcoin,SAK,531,,,,2015-03-09T00:00:00.000Z,0.02148357,72879.59375,0.0,-0.694387,-7.30799,-3.91938
TBCoin,TBC,532,,,,2016-03-12T00:00:00.000Z,0.0110123,4.14577866,0.0,-0.483505,41.3867,2896.27
Timekoin,TK,533,,,,2016-01-28T00:00:00.000Z,0.011,32.07600021,0.0,0.0,0.0,-0.714453
AlpaCoin,APC,534,,,,2016-01-25T00:00:00.000Z,0.01000474,18.13484955,0.0,-0.873507,-85.736,-84.3836
Advanced Internet Blocks,AIB,535,,,,2015-04-30T00:00:00.000Z,0.00822788,77.94965363,0.0,-0.850804,-12.181,9.46628
Omega,OMA,536,,,,2015-02-06T00:00:00.000Z,0.00790455,5.71105719,0.0,0.454907,-5.62167,
Project Decorum,PDC,537,,,,2016-06-02T00:00:00.000Z,0.00789738,731.54388428,0.0,-0.714705,8.92273,54.0553
BitAlphaCoin,BAC,538,,,,2016-01-22T00:00:00.000Z,0.00648986,138.20768738,0.0,-3.23107,23.6595,134.408
SafeCoin,SFE,539,,,,2016-05-20T00:00:00.000Z,0.00428488,8966.203125,0.0,-0.686351,-18.544,51.9472
ShellPay,SHELL,540,,,,2015-06-18T00:00:00.000Z,0.00375586,3180.70947266,0.0,0.0,4.16881,-1.78178
Newbium,NEWB,541,,,,2016-06-01T00:00:00.000Z,0.00213397,42.444664,0.0,74.9691,107.304,-34.1698
Kcoin,KC,542,,,,2016-01-05T00:00:00.000Z,0.00202798,2.027982,0.0,-0.33397,64.2634,
Stakerush,STHR,543,,,,2015-09-14T00:00:00.000Z,0.00199102,0.21860889,0.0,0.468133,-5.60674,-71.314
Clinton,CLINT,544,,,,2016-05-04T00:00:00.000Z,0.00181133,27.4594059,0.0,-0.714709,-6.54517,-4.02905
GoldMaxCoin,GMX,545,,84078950.0,,2016-04-06T00:00:00.000Z,0.00168877,0.08747153,0.0,-1.20862,-18.7192,-10.5046
RichCoin,RICHX,546,,5925522.0,,2016-05-31T00:00:00.000Z,0.00162031,4.47180843,0.0,-0.714713,-6.47262,1.74441
BitSeeds,XSEED,547,,,,2015-04-21T00:00:00.000Z,0.00153161,1.6847676,0.0,-0.850807,,2.73506
Xaucoin,XAU,548,,,,2015-03-16T00:00:00.000Z,0.00134295,0.21788777,0.0,0.0216836,-5.13667,-48.4899
FutCoin,FUTC,549,,,,2015-07-21T00:00:00.000Z,0.00118979,10.4465847,0.0,-0.850808,-2.48249,-4.76779
Cthulhu Offerings,OFF,550,,,,2015-07-25T00:00:00.000Z,0.00078881,0.58888966,0.0,-0.824652,,1.50115
CHNCoin,CNC,551,,,,2013-05-08T00:00:00.000Z,0.00075888,73.59546661,0.0,-0.561656,-1.46415,1.30021
Dotcoin,DOT,552,,,890000000.0,2015-02-15T00:00:00.000Z,0.00069302,2885.57714844,0.0,-1.15199,1.82887,49.7804
Incrementum,INC,553,,,,2016-03-12T00:00:00.000Z,0.00065208,12.47300148,0.0,-0.714707,,
c0fferC0in,C0C0,554,,,,2016-01-10T00:00:00.000Z,0.00065077,0.07158455,0.0,-0.873502,,177.231
GotFomo,GTFO,555,,,,2015-06-18T00:00:00.000Z,0.00063105,0.75692272,0.0,-0.824645,-5.2827,109.216
TrickyCoin,TRICK,556,,,,2015-04-01T00:00:00.000Z,0.00053969,0.1773313,0.0,-1.2858,0.550421,
NXE,NXE,557,,,,2015-03-23T00:00:00.000Z,0.00049958,2.25789094,0.0,-0.850806,223.797,363.229
VegasCoin,VGC,558,,,,2014-05-06T00:00:00.000Z,0.00046422,137.99378967,0.0,0.648876,,75.1328
IrishCoin,IRL,559,,,,2015-07-07T00:00:00.000Z,0.00045357,0.03277507,0.0,6.89522,,
BumbaCoin,BUMBA,560,,,,2016-03-28T00:00:00.000Z,0.0003315,15.24913788,0.0,0.324952,0.654038,
Citadel,CTL,561,,,,2016-06-02T00:00:00.000Z,0.00032933,1.40168405,0.0,-0.714714,-79.5853,14.9107
OCOW,OCOW,562,,,,2016-05-04T00:00:00.000Z,0.00032275,0.13038254,0.0,25.6396,283.456,277.063
Local Family Owned,LFO,563,,,,2015-07-07T00:00:00.000Z,0.0002976,0.0177684,0.0,-0.766273,,
Digital Bullion Gold,DBG,564,,15012418.7724601,,2016-06-14T00:00:00.000Z,0.00019101,621.16400146,0.0,-0.674148,-43.4587,-97.7696
GSMcoin,GSM,565,,,,2015-02-28T00:00:00.000Z,0.00018621,0.07485589,0.0,0.466483,-5.30949,
Quebecoin,QBC,566,,,,2014-04-23T00:00:00.000Z,0.00017748,0.57982165,0.0,-0.850806,-6.26934,141.15
Motocoin,MOTO,567,,,,2014-06-03T00:00:00.000Z,0.00016434,8.30156517,0.0,-0.850805,23.4363,72.696
Bithire,HIRE,568,,,,2016-01-22T00:00:00.000Z,0.00012515,25.50030899,0.0,-7.65335,-15.036,24.6175
Pentacoin,PTA,569,,,,2016-04-08T00:00:00.000Z,0.0001199,0.10657158,0.0,-1.93002,-3.73824,11.8175
RubleBit,RUBIT,570,,,,2015-11-23T00:00:00.000Z,0.00011832,0.20640539,0.0,-0.850661,-6.27841,
DigiEuro,DEUR,571,,,,2016-01-01T00:00:00.000Z,0.00010517,36.01685333,0.0,-0.862539,-0.0300046,12.3291
Bitcoin Fast,BCF,572,,,2500000000.0,2014-12-07T00:00:00.000Z,9.462e-05,0.00946182,0.0,-0.451166,-4.3035,7.65054
Opescoin,OPES,573,,,,2016-01-15T00:00:00.000Z,8.545e-05,1.61696267,0.0,-0.863908,1.52903,68.3691
Diggits,DIGS,574,,,,2015-07-16T00:00:00.000Z,7.888e-05,0.39282757,0.0,-0.850806,-13.4794,
AvatarCoin,AV,575,,,,2016-01-05T00:00:00.000Z,7.231e-05,0.06579336,0.0,-0.859324,-6.28674,
Operand,OP,576,,36148514.2002873,,2016-04-11T00:00:00.000Z,6.587e-05,0.74301249,0.0,8.58352,15.9619,25.4213
PrismChain,PRM,577,,,,2016-05-31T00:00:00.000Z,6.587e-05,0.07497572,0.0,-0.714709,-3.66872,-13.4891
LiteStarCoin,LTS,578,,,,2015-10-23T00:00:00.000Z,5.944e-05,0.09924416,0.0,0.331898,-4.60774,4.40785
GridPay,GRID,579,,,,2015-02-22T00:00:00.000Z,5.916e-05,0.01477705,0.0,-0.850811,-15.6424,
Skeincoin,SKC,580,,,,2014-04-15T00:00:00.000Z,3.944e-05,0.19054431,0.0,-0.850806,-6.26934,-24.1076
Supreme,SPM,581,,,,2016-05-20T00:00:00.000Z,2.773e-05,0.18043934,0.0,0.0124532,2.18282,-33.964
Flaxscript,FLAX,582,,,,2015-07-25T00:00:00.000Z,2.656e-05,0.03469976,0.0,0.303968,-5.24576,-40.1276
CandleCoin,CD,583,,,,2016-01-10T00:00:00.000Z,2.63e-05,0.07231136,0.0,0.185494,28.9637,3.97638
DarkLisk,DISK,584,,,,2016-05-04T00:00:00.000Z,1.976e-05,1.35286951,0.0,-0.714711,-6.09242,-30.3329
PurePOS,PURE,585,,,,2015-08-24T00:00:00.000Z,1.325e-05,0.0662457,0.0,0.492149,-5.52399,
PayPeer,PAYP,586,,,,2016-03-31T00:00:00.000Z,1.317e-05,0.73111045,0.0,-0.738359,87.8152,107.591
2BACCO,2BACCO,587,,,,2015-07-25T00:00:00.000Z,1.316e-05,1.87387323,0.0,-3.0744,29.1379,
SuperTurboStake,STRB,588,,,,2016-02-13T00:00:00.000Z,6.77e-06,0.0676582,0.0,-0.622921,-2.50971,7.09795
iBits,IBITS,589,,,,2015-07-27T00:00:00.000Z,6.75e-06,0.36794803,0.0,0.219848,-1.81115,5.09213
Valorbit,VAL,590,,922339685475272.0,,2016-04-08T00:00:00.000Z,6.59e-06,1.14607537,0.0,-0.714707,-6.09242,
TheCreed,TCR,591,,,,2016-04-26T00:00:00.000Z,6.59e-06,1.58274329,0.0,-0.674143,-53.0076,-48.095
Stakers,STA,592,,,,2016-06-26T00:00:00.000Z,6.59e-06,21.00847626,0.0,-0.738359,-6.09242,-50.5148
Trinity,TTY,593,,,,2015-01-19T00:00:00.000Z,6.57e-06,1.61477864,0.0,-0.850811,-6.26934,3.61762
Moneta,MONETA,594,,,,2015-10-24T00:00:00.000Z,6.57e-06,0.94533008,0.0,-0.824651,-6.27093,
Cashme,CME,595,,,,2015-11-23T00:00:00.000Z,6.57e-06,0.68363565,0.0,-0.824477,-6.27427,3.61771
SoulCoin,SOUL,596,,,,2016-05-18T00:00:00.000Z,6.57e-06,0.656515,0.0,-1.53923,-5.14454,
404 Coin,404,597,,,,2016-06-27T00:00:00.000Z,6.57e-06,0.656515,0.0,-1.29172,-5.15206,
FireFlyCoin,FFC,598,,,,2014-10-26T00:00:00.000Z,6.55e-06,0.65540802,0.0,-2.11864,-5.29679,
Espers,ESP,599,,,50000000000.0,2016-04-28T00:00:00.000Z,2.4e-07,10.88548183,0.0,-5.53316,-1.44725,11.25
PAC Global,PAC,600,,,100000000000.0,2015-11-02T00:00:00.000Z,1e-08,31.60909081,0.0,-0.959344,11.4839,-12.5025
